,1950,,,1951,,,1952,,,1953,,,1954,,,1955,,,1956,,,1957,,,1958,,,1959,,,1960,,,1961,,,1962,,,1963,,,1964,,,1965,,,1966,,,1967,,,1968,,,1969,,,1970,,,1971,,,1972,,,1973,,,1974,,,1975,,,1976,,,1977,,,1978,,,1979,,,1980,,,1981,,,1982,,,1983,,,1984,,,1985,,,1986,,,1987,,,1988,,,1989,,,1990,,,1991,,,1992,,,1993,,,1994,,,1995,,,1996,,,1997,,,1998,,,1999,,,2000,,,2001,,,2002,,
Country,Female,Male,Total,Female,Male,Total,Female,Male,Total,Female,Male,Total,Female,Male,Total,Female,Male,Total,Female,Male,Total,Female,Male,Total,Female,Male,Total,Female,Male,Total,Female,Male,Total,Female,Male,Total,Female,Male,Total,Female,Male,Total,Female,Male,Total,Female,Male,Total,Female,Male,Total,Female,Male,Total,Female,Male,Total,Female,Male,Total,Female,Male,Total,Female,Male,Total,Female,Male,Total,Female,Male,Total,Female,Male,Total,Female,Male,Total,Female,Male,Total,Female,Male,Total,Female,Male,Total,Female,Male,Total,Female,Male,Total,Female,Male,Total,Female,Male,Total,Female,Male,Total,Female,Male,Total,Female,Male,Total,Female,Male,Total,Female,Male,Total,Female,Male,Total,Female,Male,Total,Female,Male,Total,Female,Male,Total,Female,Male,Total,Female,Male,Total,Female,Male,Total,Female,Male,Total,Female,Male,Total,Female,Male,Total,Female,Male,Total,Female,Male,Total,Female,Male,Total,Female,Male,Total,Female,Male,Total
Afghanistan,,,,,,,,,,,,,,,,,,,,,,,,,,,,,,,,,,,,,,,,,,,,,,,,,,,,,,,,,,,,,,,,,,,,,,,,,,,,,,,,,,,,,,,,,,,,,,,,,,,,,,,,,,,,,,,,,,,,,,,,,,,,,,,,,,,,,,,,,,,,,,,,,,,,,,,,,,,,,2.7,11.3,14
Albania,,,,,,,,,,,,,,,,,,,,,,,,,,,,,,,,,,,,,,,,,,,,,,,,,,,,,,,,,,,,,,,,,,,,,,,,,,,,,,,,,,,,,,,,,,,,,,,,,,,,,,,,,,,,,,,,5.49,35.32,40.81,6.3,37.78,44.08,4.01,32.58,36.59,,,,,,,5.12,27.77,32.89,4.79,25.43,30.22,5.09,21.83,26.92,5.79,33.68,39.47,7.8,35.57,43.37,7.62,35.98,43.6,7.84,34.84,42.68,7.38,34.67,42.05,6.4,31.48,37.88,5.88,27.91,33.79,8.1,29.44,37.54
Algeria,,,,,,,,,,,,,,,,,,,,,,,,,,,,,,,,,,,,,,,,,,,,,,,,,,,,,,,,,,,,,,,,,,,,,,,,,,,,,,,,,,,,,,,,,,,,,,,,,,,,,,,,,,,,,,,,,,,,,,,,,,,,,,,,,,,,,,,,,,,,,,,,,,,,,,,,,,,,,2,16.4,18.4
Angola,,,,,,,,,,,,,,,,,,,,,,,,,,,,,,,,,,,,,,,,,,,,,,,,,,,,,,,,,,,,,,,,,,,,,,,,,,,,,,,,,,,,,,,,,,,,,,,,,,,,,,,,,,,,,,,,,,,,,,,,,,,,,,,,,,,,,,,,,,,,,,,,,,,,,,,,,,,,,1.3,7,8.3
Argentina,,,,,,,,,,,,,,,,,,,,,,,,,,,,,,,,,,,,,,,,,,,,,,,,,5.17,41.07,46.24,5.56,47.2,52.76,6.7,48.19,54.89,6.32,48.67,54.99,5.94,46.7,52.64,,,,,,,,,,,,,,,,,,,5.54,43.79,49.33,5.55,44.01,49.56,5.28,43.09,48.37,5.21,42.9,48.11,5.38,44.55,49.93,5.51,40.52,46.03,5.51,42.38,47.89,5.84,41.26,47.1,5.35,40.63,45.98,5.26,39.5,44.76,5.34,41.39,46.73,5.88,40.09,45.97,5.83,39.64,45.47,5.83,38.03,43.86,6.26,39.35,45.61,6.2,38.01,44.21,6.38,37.77,44.15,6.42,37.88,44.3,6.29,36.8,43.09,6.46,36.97,43.43,6.5,36,42.5,7.09,35.99,43.08,7.05,36.12,43.17,6.73,34.74,41.47,6.95,32.92,39.87,7.08,31.87,38.95
Armenia,,,,,,,,,,,,,,,,,,,,,,,,,,,,,,,,,,,,,,,,,,,,,,,,,,,,,,,,,,,,,,,,,,,,,,,,,,,,,,,,,,,,,,,,,,,,,,4.09,33.01,37.1,4.9,32.88,37.78,,,,,,,5.56,37.62,43.18,6.23,36.7,42.93,5.42,35.42,40.84,6.04,42.55,48.59,5.89,40.83,46.72,6.38,45.98,52.36,5.66,48.04,53.7,7.1,44.8,51.9,6.55,41.34,47.89,5.75,37.81,43.56,4.49,39.8,44.29,4.55,41.01,45.56,4.83,43.91,48.74,5.58,41.45,47.03,5.28,45.09,50.37,6.39,45.54,51.93,6.2,46.71,52.91,5.96,45.62,51.58
Australia,2.78,13.83,16.61,2.98,14.91,17.89,2.98,17.29,20.27,3.73,18.27,22,2.98,19.13,22.11,2.96,20.7,23.66,3.47,22.12,25.59,3.2,24.06,27.26,3.24,23.91,27.15,3.31,26.27,29.58,3.44,27.19,30.63,3.58,29.81,33.39,3.83,31.77,35.6,3.86,32.78,36.64,4.28,34.74,39.02,4.19,35.1,39.29,4.46,37.4,41.86,5.09,38.72,43.81,5.04,39.97,45.01,4.96,41.26,46.22,6.42,42.12,48.54,6.76,43.61,50.37,6.37,43.99,50.36,7.05,44.92,51.97,6.83,47.21,54.04,7.22,47.37,54.59,7.97,48.5,56.47,9.08,46.96,56.04,9.09,47.16,56.25,9.42,47.38,56.8,9.7,49.45,59.15,9.56,49.09,58.65,10.56,49.15,59.71,11.44,48.59,60.03,11.32,48.56,59.88,11.5,47.98,59.48,11.99,45.99,57.98,11.41,46.27,57.68,12.86,45.68,58.54,13.21,45.55,58.76,12.72,41.64,54.36,13.6,41.18,54.78,12.88,41.17,54.05,13.33,38.96,52.29,13.6,40.36,53.96,13.58,37.4,50.98,13.73,37.2,50.93,13.66,35.21,48.87,13.12,34.87,47.99,13.1,33.19,46.29,13.87,31.76,45.63,13.9,31.29,45.19,14.31,30.4,44.71
Austria,,,,,,,,,,,,,,,,5.07,43.01,48.08,6.31,45.84,52.15,6.14,47.55,53.69,6.45,47.69,54.14,6.35,47.51,53.86,5.31,49.86,55.17,5.61,51.26,56.87,6.14,49.25,55.39,5.98,52.01,57.99,5.74,48.87,54.61,5.9,52.46,58.36,6.29,51.25,57.54,6.11,51.51,57.62,6.46,53.14,59.6,6.23,51.51,57.74,5.77,50.46,56.23,6.61,50.05,56.66,6.34,51.47,57.81,6.5,52.2,58.7,6.88,50.77,57.65,6.84,50.8,57.64,6.58,50.42,57,6.63,50.73,57.36,6.94,48.69,55.63,7.02,50.59,57.61,7.25,49.91,57.16,7.36,48.43,55.79,8.18,47,55.18,7.87,48.28,56.15,8.83,50.06,58.89,7.94,47.46,55.4,8.16,46.94,55.1,9.14,46.44,55.58,9.35,45.6,54.95,8.55,45.74,54.29,8.72,45.46,54.18,9.64,45.8,55.44,9.35,43.75,53.1,9.58,45.23,54.81,10.23,41.7,51.93,9.61,40.8,50.41,10.43,40.81,51.24,10.81,39.37,50.18,10.75,39.48,50.23,10.87,37.2,48.07,11.54,36.41,47.95,10.67,35.15,45.82,11.77,35.92,47.69
Azerbaijan,,,,,,,,,,,,,,,,,,,,,,,,,,,,,,,,,,,,,,,,,,,,,,,,,,,,,,,,,,,,,,,,,,,,,,,,,,,,,,,,,,,,,,,,,,,,,,4.5,35.62,40.12,5.48,34.63,40.11,,,,,,,4.41,32.43,36.84,4.86,36.57,41.43,5.64,38.51,44.15,5.51,35.65,41.16,4.83,32.97,37.8,4.52,26.42,30.94,4.87,28.04,32.91,4.94,29.27,34.21,4.42,26.13,30.55,4.62,22.4,27.02,3.34,21.25,24.59,3.86,22.2,26.06,3.87,22.35,26.22,3.45,20.44,23.89,3.96,21.34,25.3,3.83,20.24,24.07,4.05,21.35,25.4,4.63,21.83,26.46
Bahamas,,,,,,,,,,,,,,,,,,,,,,,,,,,,,,,,,,,,,,,,,,,,,,,,,,,,,,,,,,,,,,,,,,,,,,,,,,,,,,,,,,,,,,,,,,,,,,,,,,,,,,,,,,,,,,,,,,,,,,,,,,,,,,,,,,,,,,,,,,,,,,,,,,,,,,,,,,,,,4.8,19.7,24.5
Bahrain,,,,,,,,,,,,,,,,,,,,,,,,,,,,,,,,,,,,,,,,,,,,,,,,,,,,,,,,,,,,,,,,,,,,,,,,,,,,,,,,,,,,,,,,,,,,,,,,,,,,,,,,,,,,,,,,,,,,,,,,,,,,,,,,,,,,,,,,,,,,,,,,,,,,,,,,,,,,,12.4,28.6,41
Bangladesh,,,,,,,,,,,,,,,,,,,,,,,,,,,,,,,,,,,,,,,,,,,,,,,,,,,,,,,,,,,,,,,,,,,,,,,,,,,,,,,,,,,,,,,,,,,,,,,,,,,,,,,,,,,,,,,,,,,,,,,,,,,,,,,,,,,,,,,,,,,,,,,,,,,,,,,,,,,,,3.3,20.8,24.1
Barbados,,,,,,,,,,,,,,,,,,,,,,,,,,,,,,,,,,,,,,,,,,,,,,,,,,,,,,,,,,,,,,,,,,,,,,,,,,,,,,,,,,,,,,,,,,,,,,,,,,,,,,,,,,,,,,,,,,,,,,,,,,,,,,,,,,,,,,,,,,,,,,,,,,,,,,,,,,,,,3,14.4,17.4
Belarus,,,,,,,,,,,,,,,,,,,,,,,,,,,,,,,,,,,,,,,,,,,,,,,,,,,,,,,,,,,,,,,,,,,,,,,,,,,,,,,,,,,,,,,,,,,,,,3.79,37.21,41,3.76,40.02,43.78,,,,,,,4.29,47.85,52.14,4.29,48.38,52.67,5.02,51.12,56.14,4.45,52.3,56.75,4.57,56.72,61.29,4.53,56.16,60.69,5.06,56.72,61.78,5.1,60.33,65.43,4.87,61.28,66.15,4.32,60.51,64.83,4.32,61.17,65.49,,,,4.55,60.24,64.79,4.19,58.64,62.83,3.64,57.4,61.04,3.8,56.05,59.85,3.72,55.51,59.23,3.67,55.31,58.98
Belgium,,,,,,,,,,,,,,26.63,26.63,,27.37,27.37,,30.3,30.3,,31.1,31.1,,32.37,32.37,,34.04,34.04,,37.91,37.91,,40.16,40.16,,42.12,42.12,,44.66,44.66,,46.06,46.06,,50.44,50.44,,50.56,50.56,,52.84,52.84,,54.48,54.48,,55.24,55.24,,58.76,58.76,,64.25,64.25,,66.43,66.43,,67.26,67.26,,66.83,66.83,,68.67,68.67,,70.74,70.74,,75.93,75.93,,76.88,76.88,,76,76,,77.9,77.9,,79.58,79.58,,78.13,78.13,,81.77,81.77,,80.69,80.69,,82.03,82.03,,79.52,79.52,,77.7,77.7,,77.94,77.94,,73.13,73.13,,72.59,72.59,,71.15,71.15,,71.97,71.97,,71.8,71.8,,69.24,69.24,,70.44,70.44,,65.93,65.93,,66.95,66.95,,,,,,,,,,,,,10.1,69.9,80
Belize,,,,,,,,,,,,,,,,,,,,,,,,,,,,,,,,,,,,,,,,,,,8.15,10.14,18.29,8.11,5.77,13.88,8.89,8.89,17.78,,,,,8.28,8.28,2.25,11.63,13.88,,8.82,8.82,2.22,,2.22,5.05,13.86,18.91,6.91,5.5,12.41,,,,2.67,2.59,5.26,,5.5,5.5,2.38,7.82,10.2,,18.11,18.11,,1.85,1.85,2.6,,2.6,,,,3.92,7.87,11.79,2.31,3.84,6.15,4.44,15.89,20.33,,,,4.45,7.49,11.94,2.11,12.74,14.85,,,,1.24,8.86,10.1,3.12,9.08,12.2,,3.53,3.53,,,,3.95,14.25,18.2,5.16,10.24,15.4,,16.63,16.63,4.14,13.97,18.11,5.03,17.17,22.2,1.89,18.97,20.86,1.68,19.7,21.38,7.61,11.32,18.93,4.37,17.12,21.49,3.3,19.6,22.9
Benin,,,,,,,,,,,,,,,,,,,,,,,,,,,,,,,,,,,,,,,,,,,,,,,,,,,,,,,,,,,,,,,,,,,,,,,,,,,,,,,,,,,,,,,,,,,,,,,,,,,,,,,,,,,,,,,,,,,,,,,,,,,,,,,,,,,,,,,,,,,,,,,,,,,,,,,,,,,,,0.6,2.4,3
Bhutan,,,,,,,,,,,,,,,,,,,,,,,,,,,,,,,,,,,,,,,,,,,,,,,,,,,,,,,,,,,,,,,,,,,,,,,,,,,,,,,,,,,,,,,,,,,,,,,,,,,,,,,,,,,,,,,,,,,,,,,,,,,,,,,,,,,,,,,,,,,,,,,,,,,,,,,,,,,,,2.2,11,13.2
Bolivia,,,,,,,,,,,,,,,,,,,,,,,,,,,,,,,,,,,,,,,,,,,,,,,,,,,,,,,,,,,,,,,,,,,,,,,,,,,,,,,,,,,,,,,,,,,,,,,,,,,,,,,,,,,,,,,,,,,,,,,,,,,,,,,,,,,,,,,,,,,,,,,,,,,,,,,,,,,,,3.1,11.6,14.7
Bosnia and Herzegovina,,,,,,,,,,,,,,,,,,,,,,,,,,,,,,,,,,,,,,,,,,,,,,,,,,,,,,,,,,,,,,,,,,,,,,,,,,,,,,,,,,,,,,,,,,,,,,,,,,,,,,,,,,,,,,,,,,,,,,,,,,,,,,,,,,,,,,,,,,,,,,,,,,,,,,,,,,,,,10.5,52.3,62.8
Botswana,,,,,,,,,,,,,,,,,,,,,,,,,,,,,,,,,,,,,,,,,,,,,,,,,,,,,,,,,,,,,,,,,,,,,,,,,,,,,,,,,,,,,,,,,,,,,,,,,,,,,,,,,,,,,,,,,,,,,,,,,,,,,,,,,,,,,,,,,,,,,,,,,,,,,,,,,,,,,3,8.5,11.5
Brazil,,,,,,,,,,,,,,,,,,,,,,,,,,,,,,,,,,,,,,,,,,,,,,,,,,,,,,,,,,,,,,,,,,,,,,,,,,,,,,,,,,,,,,,,3.63,12.94,16.57,3.87,13.71,17.58,3.71,13.81,17.52,3.86,14.67,18.53,4.11,15.25,19.36,4.14,15.4,19.54,4.3,15.49,19.79,4.36,16.07,20.43,4.73,15.99,20.72,4.86,16.6,21.46,4.66,16.38,21.04,4.86,16.45,21.31,5.09,16.5,21.59,5.19,16.81,22,5.03,16.56,21.59,5.33,16.82,22.15,5.46,16.61,22.07,5.44,16.43,21.87,5.7,16.71,22.41,5.63,16.4,22.03,5.9,16.23,22.13,6.09,16.21,22.3,6.08,16.17,22.25,6.02,16.12,22.14
Brunei,,,,,,,,,,,,,,,,,,,,,,,,,,,,,,,,,,,,,,,,,,,,,,,,,,,,,,,,,,,,,,,,,,,,,,,,,,,,,,,,,,,,,,,,,,,,,,,,,,,,,,,,,,,,,,,,,,,,,,,,,,,,,,,,,,,,,,,,,,,,,,,,,,,,,,,,,,,,,10.8,22.5,33.3
Bulgaria,,,,,,,,,,,,,,,,,,,,,,,,,,,,,,,,,,,,,,,,,,,7.81,35.56,43.37,6.71,37.66,44.37,6.61,38.33,44.94,7.12,35.94,43.06,6.57,36.17,42.74,6.38,35.17,41.55,5.98,33.63,39.61,5.75,36.68,42.43,6.48,35.64,42.12,6.42,37.47,43.89,6.21,35.55,41.76,5.72,34.53,40.25,5.93,35.14,41.07,6.3,35.43,41.73,5.46,34.59,40.05,6.34,36.51,42.85,5.69,33.59,39.28,5.7,37.08,42.78,5.27,38.01,43.28,6.34,39.42,45.76,6.71,39.42,46.13,6.94,39.23,46.17,6.45,40.29,46.74,6.58,40.71,47.29,6.26,40.2,46.46,6.11,41.39,47.5,5.84,40.65,46.49,7.03,40.39,47.42,6.3,42.52,48.82,6.74,42.12,48.86,6.58,43.72,50.3,7.17,42.58,49.75,6.83,42.12,48.95,6.15,40.65,46.8,6.42,38.91,45.33,6.84,40,46.84,6.56,37.59,44.15,6.22,38,44.22,6.28,39.73,46.01
Burkina Faso,,,,,,,,,,,,,,,,,,,,,,,,,,,,,,,,,,,,,,,,,,,,,,,,,,,,,,,,,,,,,,,,,,,,,,,,,,,,,,,,,,,,,,,,,,,,,,,,,,,,,,,,,,,,,,,,,,,,,,,,,,,,,,,,,,,,,,,,,,,,,,,,,,,,,,,,,,,,,2.1,4.6,6.7
Burundi,,,,,,,,,,,,,,,,,,,,,,,,,,,,,,,,,,,,,,,,,,,,,,,,,,,,,,,,,,,,,,,,,,,,,,,,,,,,,,,,,,,,,,,,,,,,,,,,,,,,,,,,,,,,,,,,,,,,,,,,,,,,,,,,,,,,,,,,,,,,,,,,,,,,,,,,,,,,,2.1,3.5,5.6
Cambodia,,,,,,,,,,,,,,,,,,,,,,,,,,,,,,,,,,,,,,,,,,,,,,,,,,,,,,,,,,,,,,,,,,,,,,,,,,,,,,,,,,,,,,,,,,,,,,,,,,,,,,,,,,,,,,,,,,,,,,,,,,,,,,,,,,,,,,,,,,,,,,,,,,,,,,,,,,,,,4.5,20.9,25.4
Cameroon,,,,,,,,,,,,,,,,,,,,,,,,,,,,,,,,,,,,,,,,,,,,,,,,,,,,,,,,,,,,,,,,,,,,,,,,,,,,,,,,,,,,,,,,,,,,,,,,,,,,,,,,,,,,,,,,,,,,,,,,,,,,,,,,,,,,,,,,,,,,,,,,,,,,,,,,,,,,,0.3,3,3.3
Canada,2.86,14.53,17.39,3.28,14.82,18.1,3.55,16.56,20.11,3.35,17.93,21.28,3.35,19.12,22.47,4.18,20.27,24.45,3.56,21.8,25.36,3.45,22.47,25.92,3.4,23.42,26.82,3.58,24.27,27.85,3.52,25.34,28.86,3.91,27.08,30.99,4.52,28.72,33.24,4.28,30.43,34.71,4.59,31.25,35.84,5.03,32.22,37.25,5.18,33.61,38.79,5.64,36.82,42.46,5.81,36.92,42.73,5.95,38.46,44.41,6.3,40.2,46.5,6.49,41.82,48.31,7.85,42.76,50.61,8.23,44.21,52.44,8.9,46.37,55.27,9.32,45.7,55.02,9.52,47.29,56.81,10.8,48.94,59.74,11.49,49.98,61.47,12.55,50.99,63.54,13.07,52.59,65.66,13.89,51.9,65.79,14.92,54.82,69.74,15.25,55.24,70.49,16.84,56.68,73.52,18.13,54.71,72.84,18.24,55.09,73.33,19.23,54.68,73.91,20.05,56.34,76.39,20.07,56.12,76.19,20.51,55.21,75.72,21.98,54.74,76.72,22.12,53.67,75.79,23.3,53.42,76.72,23.5,51.75,75.25,22.77,49.49,72.26,24.57,49.01,73.58,23.33,46.93,70.26,24.86,46.99,71.85,24.88,47.07,71.95,24.67,42.98,67.65,24.4,43.01,67.41,25.05,42.85,67.9
Cape Verde,,,,,,,,,,,,,,,,,,,,,,,,,,,,,,,,,,,,,,,,,,,,,,,,,,,,,,,,,,,,,,,,,,,,,,,,,,,,,,,,,,,,,,,,,,,,,,,,,,,,,,,,,,,,,,,,,,,,,,,,,,,,,,,,,,,,,,,,,,,,,,,,,,,,,,,,,,,,,0.6,2.4,3
Central African Republic,,,,,,,,,,,,,,,,,,,,,,,,,,,,,,,,,,,,,,,,,,,,,,,,,,,,,,,,,,,,,,,,,,,,,,,,,,,,,,,,,,,,,,,,,,,,,,,,,,,,,,,,,,,,,,,,,,,,,,,,,,,,,,,,,,,,,,,,,,,,,,,,,,,,,,,,,,,,,0.7,4.6,5.3
Chad,,,,,,,,,,,,,,,,,,,,,,,,,,,,,,,,,,,,,,,,,,,,,,,,,,,,,,,,,,,,,,,,,,,,,,,,,,,,,,,,,,,,,,,,,,,,,,,,,,,,,,,,,,,,,,,,,,,,,,,,,,,,,,,,,,,,,,,,,,,,,,,,,,,,,,,,,,,,,0.7,4.6,5.3
Chile,,,,,,,,,,,,,,,,4.18,11.26,15.44,3.77,12.3,16.07,4.25,11,15.25,4.16,10.8,14.96,3.89,12.53,16.42,4.45,12.77,17.22,4.52,12.04,16.56,4.34,12.39,16.73,4.77,13.87,18.64,4.47,13.2,17.67,4.38,13.37,17.75,4.77,14.09,18.86,5.24,15.43,20.67,4.36,16.18,20.54,5.12,17.19,22.31,5.01,16.78,21.79,5.11,17.26,22.37,4.35,17.45,21.8,4.44,19.43,23.87,4.63,17.14,21.77,4.7,18.26,22.96,5.27,19.18,24.45,5.2,20.28,25.48,4.51,19.38,23.89,5.87,19.97,25.84,5.56,21.26,26.82,5.29,20.6,25.89,5.41,22.33,27.74,5.48,22.52,28,5.76,21.52,27.28,5.93,22.88,28.81,5.92,21.22,27.14,5.87,20.61,26.48,5.56,20.95,26.51,6.09,20.87,26.96,6.17,21.16,27.33,6.13,23.43,29.56,6.32,22.34,28.66,7.02,21.6,28.62,6.36,20.4,26.76,6.75,21.5,28.25,7.12,21.86,28.98,7.32,19.75,27.07,6.65,20.03,26.68,6.87,19.32,26.19,6.92,19.03,25.95,7.4,19.55,26.95,7.32,18.89,26.21
China,,,,,,,,,,,,,,,,,,,,,,,,,,,,,,,,,,,,,,,,,,,,,,,,,,,,,,,,,,,,,,,,,,,,,,,,,,,,,,,,,,,,,,,,,,,,,,,,,,,,,,,,,,,,,,,,,33.24,33.24,,32.77,32.77,,35.81,35.81,,38.3,38.3,,36.3,36.3,,37.36,37.36,,36.97,36.97,,37.58,37.58,,38.83,38.83,,38.5,38.5,,39.5,39.5,,41.2,41.2,,40.81,40.81,,41.7,41.7,,,,16.3,36.7,53
Colombia,,,,,,,,,,2.42,5.33,7.75,2.4,3.65,6.05,2.34,3.67,6.01,2.1,4.56,6.66,2.26,4.79,7.05,2.26,3.83,6.09,2.09,5.11,7.2,1.9,5.26,7.16,2.41,4.84,7.25,2.62,5.58,8.2,2.39,5.89,8.28,2.5,6.53,9.03,2.82,5.83,8.65,3.09,6.35,9.44,2.98,7.01,9.99,2.58,6.68,9.26,2.58,6.47,9.05,,,,,,,3.35,7.02,10.37,,,,3.4,7.53,10.93,3.54,7.59,11.13,4.04,8.94,12.98,4.2,8.61,12.81,,,,,,,,,,,,,,,,,,,5.14,11.84,16.98,5.8,12.86,18.66,5.62,13.22,18.84,6.12,13.79,19.91,5.79,13.18,18.97,6.15,13.5,19.65,5.87,13.23,19.1,6.74,13.91,20.65,6.7,13.5,20.2,6.57,13.77,20.34,6.19,13.76,19.95,6.63,13.81,20.44,6.97,13.97,20.94,7.01,13.93,20.94,6.35,13.24,19.59,7.16,14.08,21.24,,,,6.88,14.06,20.94,7.18,14.41,21.59
Comoros,,,,,,,,,,,,,,,,,,,,,,,,,,,,,,,,,,,,,,,,,,,,,,,,,,,,,,,,,,,,,,,,,,,,,,,,,,,,,,,,,,,,,,,,,,,,,,,,,,,,,,,,,,,,,,,,,,,,,,,,,,,,,,,,,,,,,,,,,,,,,,,,,,,,,,,,,,,,,2.1,3.5,5.6
Congo,,,,,,,,,,,,,,,,,,,,,,,,,,,,,,,,,,,,,,,,,,,,,,,,,,,,,,,,,,,,,,,,,,,,,,,,,,,,,,,,,,,,,,,,,,,,,,,,,,,,,,,,,,,,,,,,,,,,,,,,,,,,,,,,,,,,,,,,,,,,,,,,,,,,,,,,,,,,,0.5,3.6,4.1
Costa Rica,,,,,,,,,,,,,,,,,,,,,,,,,,,,,,,,,,1.99,2.73,4.72,2.19,4.99,7.18,2.94,3.94,6.88,3.83,5.77,9.6,1.72,4.17,5.89,2.34,4.76,7.1,3.14,5.09,8.23,3.54,7.87,11.41,3.36,4.99,8.35,3.32,5.02,8.34,4.02,4.84,8.86,4.03,8.19,12.22,2.4,6.19,8.59,4.72,7.47,12.19,5.06,9.54,14.6,3.75,8.98,12.73,4.31,9.11,13.42,4.46,9.32,13.78,3.77,8.83,12.6,5.1,10.19,15.29,6.05,12.61,18.66,6.19,12.55,18.74,4.28,13.03,17.31,5.19,14.21,19.4,5.39,13,18.39,4.73,10.89,15.62,6.16,12.72,18.88,4.35,14.22,18.57,6.87,12.79,19.66,4.65,13.38,18.03,4.76,11.1,15.86,4.51,12.31,16.82,5.01,13.12,18.13,4.5,12.44,16.94,4.91,11.26,16.17,5.09,13.91,19,5.76,12.17,17.93,3.82,10.57,14.39,4.88,12.18,17.06,5.34,11.26,16.6,4.37,11.11,15.48,3.69,9.7,13.39
Cote d'Ivoire,,,,,,,,,,,,,,,,,,,,,,,,,,,,,,,,,,,,,,,,,,,,,,,,,,,,,,,,,,,,,,,,,,,,,,,,,,,,,,,,,,,,,,,,,,,,,,,,,,,,,,,,,,,,,,,,,,,,,,,,,,,,,,,,,,,,,,,,,,,,,,,,,,,,,,,,,,,,,1.2,6,7.2
Croatia,,,,,,,,,,,,,,,,,,,,,,,,,,,,,,,,,,,,,,,,,,,,,,,,,,,,,,,,,,,,,,,,,,,,,,,,,,,,,,,,,,,,,,,,,,,,,,,,,,,,,,,,,,6.54,61.36,67.9,8.32,61.16,69.48,7.83,66.38,74.21,7.97,68.88,76.85,8.63,67.04,75.67,8.51,68.41,76.92,8.78,66.02,74.8,8.61,62.2,70.81,7.31,61.18,68.49,8.04,59.73,67.77,7.57,57.07,64.64,9.01,59.75,68.76,8.48,61.66,70.14,9.93,62.57,72.5,8.8,61.28,70.08,10.39,58.44,68.83,9.61,61.9,71.51,10.21,58.98,69.19
Cuba,,,,,,,,,,,,,,,,,,,,,,,,,,,,,,,,,,,,,,,,,,,13.88,34.95,48.83,,,,,,,,,,12.79,34.62,47.41,11.58,36.34,47.92,14.87,38.54,53.41,13.67,39.17,52.84,13.93,39.65,53.58,14.75,40.06,54.81,13.38,39.06,52.44,13.22,36.96,50.18,13.11,39.99,53.1,13.12,39.53,52.65,11.36,36.81,48.17,12.62,38.4,51.02,12.18,37.08,49.26,11.83,38.17,50,12.22,37.46,49.68,13,37.11,50.11,13.49,38.47,51.96,13.09,37.18,50.27,13.39,37.67,51.06,13.31,37.08,50.39,13.6,38.33,51.93,13.71,36.39,50.1,13.37,36.57,49.94,13.13,36.59,49.72,14.24,35.98,50.22,13.53,33.47,47,12.12,34.66,46.78,12.75,34.71,47.46,13.31,35.52,48.83,13.94,34.36,48.3,13.74,35.08,48.82,13.72,33.96,47.68,14.65,33.71,48.36,14.62,33.43,48.05,15.64,35.8,51.44
Cyprus,,,,,,,,,,,,,,,,,,,,,,,,,,,,,,,,,,,,,,,,,,,,,,,,,,,,,,,,,,,,,,,,,,,,,,,,,,,,,,,,,,,,,,,,,,,,,,,,,,,,,,,,,,,,,,,,,,,,,,,,,,,,,,,,,,,,,,,,,,,,,,,,,,,,,,,,,,,,,5.3,24.8,30.1
Czechia,,,,,,,,,,,,,,,,,,,,,,,,,,,,,,,,,,,,,,,,,,,,,,,,,,,,,,,,,,,,,,,,,,,,,,,,,,,,,,,,,,,,,,,,,,,,,,,,,,,,,,,,,,,,,8.6,80.43,89.03,9.16,77.85,87.01,8.72,78.65,87.37,9.29,75.84,85.13,9.33,77.83,87.16,10.49,75.43,85.92,10.71,75.67,86.38,10.12,73.28,83.4,11.23,68.41,79.64,11.66,70.02,81.68,11.66,66.19,77.85,11.31,65.6,76.91,11.61,61.26,72.87,12.55,61.74,74.29,12.53,61.98,74.51,13.03,58.58,71.61,12.32,57.02,69.34
Czechoslovakia,,,,,,,,,,4.91,28.43,33.34,5.31,31.58,36.89,5.68,34.97,40.65,5.39,36.65,42.04,5.5,38.54,44.04,5.31,41.06,46.37,5.74,44.11,49.85,5.1,47.27,52.37,5.43,50.48,55.91,5.53,52.08,57.61,5.52,55.23,60.75,6.11,56.64,62.75,5.77,57.88,63.65,5.66,60.53,66.19,5.77,62.11,67.88,5.45,59.99,65.44,6.24,61.08,67.32,5.67,61.8,67.47,5.35,63.54,68.89,5.49,62.23,67.72,5.36,63.52,68.88,5.41,65.52,70.93,5.58,66.35,71.93,5.91,65.76,71.67,5.99,67.65,73.64,6.96,68.63,75.59,6.6,67.55,74.15,6.67,70.23,76.9,6.75,69.6,76.35,6.65,69.95,76.6,7.41,71.64,79.05,7.58,72.73,80.31,7.62,72.65,80.27,7.98,74.95,82.93,8.34,73.76,82.1,7.95,74.68,82.63,8.53,73.58,82.11,8.49,74.79,83.28,9.44,72.66,82.1,,,,,,,,,,,,,,,,,,,,,,,,,,,,,,,,,
Democratic Republic of Congo,,,,,,,,,,,,,,,,,,,,,,,,,,,,,,,,,,,,,,,,,,,,,,,,,,,,,,,,,,,,,,,,,,,,,,,,,,,,,,,,,,,,,,,,,,,,,,,,,,,,,,,,,,,,,,,,,,,,,,,,,,,,,,,,,,,,,,,,,,,,,,,,,,,,,,,,,,,,,0.6,4.4,5
Denmark,,,,3.64,15.82,19.46,4.25,18.34,22.59,4.38,18.08,22.46,4.1,18.64,22.74,4.61,21.56,26.17,3.75,23.68,27.43,5.21,24.69,29.9,4.45,23.84,28.29,4.72,28.82,33.54,5.78,29.27,35.05,5.37,32.26,37.63,5.96,31.2,37.16,6.09,35,41.09,6.41,35.72,42.13,6.94,38.26,45.2,6.59,37.57,44.16,8.38,39.6,47.98,7.23,40.71,47.94,8.26,41.74,50,8.75,40.76,49.51,9.26,44.27,53.53,10.24,48.78,59.02,9.22,45.12,54.34,9.92,47.2,57.12,10.83,46.36,57.19,13.22,46.9,60.12,11.72,48.11,59.83,13.13,52.35,65.48,14.64,52.93,67.57,14.37,52.84,67.21,16.34,54.48,70.82,16.03,54.51,70.54,19.92,54.66,74.58,21.09,54.9,75.99,19.84,55.83,75.67,19.87,54.55,74.42,22.93,54.03,76.96,24.08,52.91,76.99,21.72,53.82,75.54,23.84,52.46,76.3,25.8,48.33,74.13,24.47,49.02,73.49,25.38,51.92,77.3,28.3,49.18,77.48,28.13,49.72,77.85,27.61,48.44,76.05,29.39,46.44,75.83,27.18,43.19,70.37,28.17,43.81,71.98,27.35,44.2,71.55,28.05,42.15,70.2,27.8,40.1,67.9
Djibouti,,,,,,,,,,,,,,,,,,,,,,,,,,,,,,,,,,,,,,,,,,,,,,,,,,,,,,,,,,,,,,,,,,,,,,,,,,,,,,,,,,,,,,,,,,,,,,,,,,,,,,,,,,,,,,,,,,,,,,,,,,,,,,,,,,,,,,,,,,,,,,,,,,,,,,,,,,,,,2.1,3.5,5.6
Dominican Republic,,,,,,,,,,,,,,,,,,,,,,,,,,,,,,,,,,,,,,,,,,,,,,1.26,3.51,4.77,1.57,2.77,4.34,2.12,3.9,6.02,1.97,4.46,6.43,1.64,3.11,4.75,0.93,3.7,4.63,3.02,4.13,7.15,1.47,4.56,6.03,1.57,3.57,5.14,1.75,3.65,5.4,1.39,3.52,4.91,1.57,3.9,5.47,2.82,4.2,7.02,2.21,3.96,6.17,1.85,3.84,5.69,2.27,4.8,7.07,2.07,5.81,7.88,2.76,6.06,8.82,3.38,6.69,10.07,2.97,6.56,9.53,1.92,6.47,8.39,2.77,5.67,8.44,3.37,6.21,9.58,3.07,6.27,9.34,3.65,6.17,9.82,2.56,6.42,8.98,3.1,5.25,8.35,2.84,5.68,8.52,,,,3.07,5.81,8.88,2.98,5.21,8.19,3.3,6.65,9.95,4.34,6.72,11.06,4.52,7.38,11.9,4.5,8.29,12.79,3.19,7.05,10.24,4.62,7.19,11.81,4.0525,6.985,11.0375
Ecuador,,,,,,,,,,,,,,,,,,,,,,,,,,,,,,,,,,1.84,2.64,4.48,,,,1.94,3.49,5.43,2.35,2.83,5.18,,,,,,,,,,2.01,2.57,4.58,2.35,4.13,6.48,1.61,3.55,5.16,1.75,3.92,5.67,1.77,3.86,5.63,1.55,3.16,4.71,1.58,3.68,5.26,1.87,3.36,5.23,,,,1.5,3.96,5.46,1.43,4.15,5.58,2.11,5.48,7.59,2.08,5.2,7.28,2.51,5.37,7.88,2.75,5.98,8.73,2.06,6.35,8.41,2.76,6.23,8.99,2.37,7.39,9.76,2.8,6.38,9.18,2.55,6.73,9.28,2.68,6.52,9.2,2.96,6.52,9.48,2.66,7.31,9.97,2.92,7.25,10.17,2.73,7.47,10.2,3.15,7.43,10.58,3.26,6.28,9.54,4.48,7.14,11.62,3.79,6.57,10.36,3.89,6.98,10.87,3.69,7.05,10.74,3.83,6.1,9.93,3.3,6.53,9.83,3.8,6.44,10.24,3.52,7.18,10.7
Egypt,,,,,,,,,,,,,,,,,,,,,,,,,,,,,,,,,,,,,,,,,,,,,,,,,,,,,,,,,,,,,,,,,,,,,,,,,,,,,,,,,,,,,,,,,,,,,,,,,,,,,,,,,,,,,,,,,,,,,,,,,,,,,,,,,,,,,,,,,,,,,,,,,,,,,,,,,,,,,2.8,8.4,11.2
El Salvador,0.68,0.42,1.1,0.45,1.82,2.27,0.23,0.76,0.99,0.93,1.25,2.18,1.22,1.36,2.58,0.65,0.87,1.52,0.54,2.22,2.76,0.61,1.74,2.35,0.99,1.65,2.64,0.84,1.82,2.66,0.77,1.44,2.21,2.06,2.57,4.63,1.11,0.39,1.5,0.82,1.31,2.13,0.91,1.58,2.49,0.83,1.17,2,1.03,0.83,1.86,2.12,1.55,3.67,0.85,1.3,2.15,1.5,1.34,2.84,1.2,1.48,2.68,0.92,1.01,1.93,1.19,1.65,2.84,1.01,2.63,3.64,1.46,2.63,4.09,,,,,,,,,,,,,,,,,,,1.81,2.06,3.87,1.46,2.01,3.47,1.4,2.19,3.59,1.17,2,3.17,,,,,,,,,,,,,,,,1.74,3.75,5.49,2.09,2.6,4.69,1.74,3,4.74,2.17,3.78,5.95,,,,1.77,2.43,4.2,3.73,4.68,8.41,2.96,4.09,7.05,2.54,3.95,6.49,2.85,3.4,6.25,3.72,4.74,8.46,3.84,5.54,9.38,3.19,5.95,9.14
Equatorial Guinea,,,,,,,,,,,,,,,,,,,,,,,,,,,,,,,,,,,,,,,,,,,,,,,,,,,,,,,,,,,,,,,,,,,,,,,,,,,,,,,,,,,,,,,,,,,,,,,,,,,,,,,,,,,,,,,,,,,,,,,,,,,,,,,,,,,,,,,,,,,,,,,,,,,,,,,,,,,,,0.7,4.6,5.3
Eritrea,,,,,,,,,,,,,,,,,,,,,,,,,,,,,,,,,,,,,,,,,,,,,,,,,,,,,,,,,,,,,,,,,,,,,,,,,,,,,,,,,,,,,,,,,,,,,,,,,,,,,,,,,,,,,,,,,,,,,,,,,,,,,,,,,,,,,,,,,,,,,,,,,,,,,,,,,,,,,2.1,3.5,5.6
Estonia,,,,,,,,,,,,,,,,,,,,,,,,,,,,,,,,,,,,,,,,,,,,,,,,,,,,,,,,,,,,,,,,,,,,,,,,,,,,,,,,,,,,,,,,,,,,,,7.44,60.89,68.33,5.87,63.58,69.45,,,,,,,5.88,59.34,65.22,6.4,60.51,66.91,7.19,61.73,68.92,7.69,69.65,77.34,8.28,67.82,76.1,7.17,65.05,72.22,7.99,78.82,86.81,7.49,70.7,78.19,7.58,67.6,75.18,7.04,66.93,73.97,6.86,70.93,77.79,7.3,63.57,70.87,8.84,65.87,74.71,7.1,65.85,72.95,7.33,59.57,66.9,7.1,62.2,69.3,7.82,59.68,67.5,7.65,60.51,68.16
Eswatini,,,,,,,,,,,,,,,,,,,,,,,,,,,,,,,,,,,,,,,,,,,,,,,,,,,,,,,,,,,,,,,,,,,,,,,,,,,,,,,,,,,,,,,,,,,,,,,,,,,,,,,,,,,,,,,,,,,,,,,,,,,,,,,,,,,,,,,,,,,,,,,,,,,,,,,,,,,,,1.4,9.3,10.7
Ethiopia,,,,,,,,,,,,,,,,,,,,,,,,,,,,,,,,,,,,,,,,,,,,,,,,,,,,,,,,,,,,,,,,,,,,,,,,,,,,,,,,,,,,,,,,,,,,,,,,,,,,,,,,,,,,,,,,,,,,,,,,,,,,,,,,,,,,,,,,,,,,,,,,,,,,,,,,,,,,,3.1,2.6,5.7
Fiji,,,,,,,,,,,,,,,,,,,,,,,,,,,,,,,,,,,,,,,,,,,,,,,,,,,,,,,,,,,,,,,,,,,,,,,,,,,,,,,,,,,,,,,,,,,,,,,,,,,,,,,,,,,,,,,,,,,,,,,,,,,,,,,,,,,,,,,,,,,,,,,,,,,,,,,,,,,,,1.6,0.4,2
Finland,,,,,,,4.81,39.72,44.53,3.63,48.49,52.12,4.2,43.84,48.04,4.55,48.1,52.65,3.29,45.12,48.41,4.4,52.52,56.92,4.01,56.49,60.5,4.32,57.09,61.41,2.75,58.56,61.31,3.79,58.78,62.57,3.63,61.43,65.06,4.24,61.99,66.23,3.96,61.91,65.87,3.87,63.55,67.42,3.9,62.31,66.21,4.19,64.07,68.26,4.18,67.02,71.2,3.98,69.76,73.74,3.86,67.12,70.98,4.31,70.21,74.52,4.81,64.51,69.32,3.53,65.83,69.36,4.19,65.21,69.4,4.28,60.79,65.07,5.27,68.74,74.01,5.38,66.17,71.55,5.28,65.94,71.22,5.27,67.23,72.5,6.18,64.89,71.07,5.78,65.29,71.07,5.7,58.56,64.26,5.42,61.49,66.91,6.18,58.15,64.33,6.8,58.08,64.88,6.25,53.13,59.38,6.58,53.53,60.11,6.31,50.84,57.15,6.48,47.61,54.09,6.81,48.56,55.37,6.86,44.45,51.31,7.38,47.25,54.63,6.61,44.38,50.99,6.85,41.07,47.92,7.02,41.3,48.32,7.05,39.4,46.45,7.19,37.67,44.86,8.08,37.42,45.5,6.94,34.49,41.43,7.6,33.48,41.08,8.1,32.83,40.93,8.07,31.41,39.48
France,3.09,10.66,13.75,,,,3.32,13.53,16.85,3.27,14.37,17.64,3.35,15.97,19.32,3.35,16.39,19.74,3.32,17.27,20.59,3.51,19.44,22.95,3.34,19.42,22.76,3.41,20.71,24.12,3.37,21.84,25.21,3.42,23.16,26.58,3.53,24,27.53,3.81,25.74,29.55,3.7,26.42,30.12,3.67,27.64,31.31,3.79,29.03,32.82,3.93,29.53,33.46,3.54,30.14,33.68,3.46,31.15,34.61,3.34,30.96,34.3,3.46,32.46,35.92,3.49,34.16,37.65,3.5,34.66,38.16,3.58,36.03,39.61,3.57,37.1,40.67,3.6,39.3,42.9,3.62,39.95,43.57,3.79,41.95,45.74,3.68,42.27,45.95,3.82,43.36,47.18,4.04,44.26,48.3,4.06,44.21,48.27,4.26,44.1,48.36,4.13,44.97,49.1,4.36,45.79,50.15,4.48,46.65,51.13,4.99,47.43,52.42,5.04,47.98,53.02,5.18,48.06,53.24,5.15,47.57,52.72,5.38,48.38,53.76,5.4,48.23,53.63,5.66,47.87,53.53,5.85,46.49,52.34,6.26,46.83,53.09,6.46,46.52,52.98,6.44,46.02,52.46,7.13,46.43,53.56,7.44,45.64,53.08,7.25,44.61,51.86,7.54,43.97,51.51,8.22,43.64,51.86
French Polynesia,,,,,,,,,,,,,,,,,,,,,,,,,,,,,,,,,,,,,,,,,,,,,,,,,,,,,,,,,,,,,,,,,,,,,,,,,,,,,,,,,,,,,,,,,,,,,,,,,,,,,,,,,,,,,,,,,,,,,,,,,,,,,,,,,,,,,,,,,,,,,,,,,,,,,,,,,,,,,0.9,16,16.9
Gabon,,,,,,,,,,,,,,,,,,,,,,,,,,,,,,,,,,,,,,,,,,,,,,,,,,,,,,,,,,,,,,,,,,,,,,,,,,,,,,,,,,,,,,,,,,,,,,,,,,,,,,,,,,,,,,,,,,,,,,,,,,,,,,,,,,,,,,,,,,,,,,,,,,,,,,,,,,,,,1.7,9.5,11.2
Gambia,,,,,,,,,,,,,,,,,,,,,,,,,,,,,,,,,,,,,,,,,,,,,,,,,,,,,,,,,,,,,,,,,,,,,,,,,,,,,,,,,,,,,,,,,,,,,,,,,,,,,,,,,,,,,,,,,,,,,,,,,,,,,,,,,,,,,,,,,,,,,,,,,,,,,,,,,,,,,0.6,4.9,5.5
Georgia,,,,,,,,,,,,,,,,,,,,,,,,,,,,,,,,,,,,,,,,,,,,,,,,,,,,,,,,,,,,,,,,,,,,,,,,,,,,,,,,,,,,,,,,,,,,,,,,,,,,,,,,,,,,,,,,,,,,,,,,,,,,,,,,,,,,,,,,,,,,,,,,,,,,,,,,,,,,,6.1,31.6,37.7
Germany,,,,,,,,,,,,,,,,,,,,,,,,,,,,,,,,,,,,,,,,,,,,,,,,,,,,,,,,,,,,,,,,,,,,,,4.7,46.91,51.61,4.87,47.41,52.28,5.01,48.31,53.32,5.16,48.66,53.82,5.1,49.08,54.18,5.31,49.96,55.27,,,,5.57,49.66,55.23,5.81,49.61,55.42,6.03,49.67,55.7,6.4,50.06,56.46,6.47,49.59,56.06,6.46,50.04,56.5,6.88,49.02,55.9,7.23,48.81,56.04,7.25,49.24,56.49,7.62,48.72,56.34,7.86,48.35,56.21,8.35,48.44,56.79,8.46,47.86,56.32,8.85,47.9,56.75,9.16,46.33,55.49,9.19,46.61,55.8,9.36,44.85,54.21,9.81,44,53.81,10.14,43.21,53.35,10.2,41.65,51.85,10.72,42.07,52.79,10.78,40.15,50.93,11.13,39.52,50.65
Ghana,,,,,,,,,,,,,,,,,,,,,,,,,,,,,,,,,,,,,,,,,,,,,,,,,,,,,,,,,,,,,,,,,,,,,,,,,,,,,,,,,,,,,,,,,,,,,,,,,,,,,,,,,,,,,,,,,,,,,,,,,,,,,,,,,,,,,,,,,,,,,,,,,,,,,,,,,,,,,0.6,2.4,3
Greece,,,,,,,,,,,,,,,,,,,,,,,,,,,,,,,,,,4.74,24.32,29.06,4.6,28.58,33.18,5.93,28.73,34.66,5.06,29.83,34.89,6.38,31.68,38.06,6.1,30.86,36.96,6.08,32.57,38.65,5.48,32.02,37.5,5.91,32.21,38.12,6.04,31.19,37.23,5,31.84,36.84,5.82,33.34,39.16,6.15,38.56,44.71,6.07,40.57,46.64,6.73,38.98,45.71,6.08,42.2,48.28,7.01,43,50.01,6.89,44.71,51.6,6.85,45.37,52.22,6.04,43.11,49.15,6.02,44.73,50.75,6.4,45.99,52.39,6.23,47.35,53.58,6.33,47.44,53.77,7.16,49.5,56.66,6.48,48.81,55.29,6.29,48.38,54.67,6.99,48.46,55.45,6.68,50.31,56.99,7.34,49.38,56.72,7.1,49.97,57.07,6.97,49.1,56.07,6.75,50.62,57.37,6.98,50.75,57.73,7.18,49.69,56.87,7.1,49.93,57.03,6.93,49.21,56.14,7.28,48.41,55.69,6.73,48.9,55.63,7.4,48.76,56.16,7.1,48.37,55.47,7.27,46.22,53.49
Guam,,,,,,,,,,,,,,,,,,,,,,,,,,,,,,,,,,,,,,,,,,,,,,,,,,,,,,,,,,,,,,,,,,,,,,,,,,,,,,,,,,,,,,,,,,,,,,,,,,,,,,,,,,,,,,,,,,,,,,,,,,,,,,,,,,,,,,,,,,,,,,,,,,,,,,,,,,,,,14.2,40.5,54.7
Guatemala,,,,,,,,,,,,,,,,,,,,,,,,,,,,,,,,,,,,,,,,1.14,1.53,2.67,1.13,2.69,3.82,1.63,2.34,3.97,0.95,1.71,2.66,1.29,1.68,2.97,1.51,2.52,4.03,0.6,2.76,3.36,0.67,1.24,1.91,1.52,1.53,3.05,,,,,,,1.6,2.66,4.26,1.88,2.28,4.16,1.6,2.42,4.02,1.34,2.11,3.45,1.45,1.76,3.21,,0.49,0.49,1.16,2.53,3.69,1.03,2.3,3.33,,,,,,,2.09,0.84,2.93,,,,2.15,2.68,4.83,2.73,3.06,5.79,2.17,2.87,5.04,2.73,3.47,6.2,2.42,3.81,6.23,2.27,4.16,6.43,2.62,3.43,6.05,3.09,2.98,6.07,3.8,4.84,8.64,3.69,4.04,7.73,2.48,3.28,5.76,3.68,6.33,10.01,3.21,5.06,8.27,4.14,5.76,9.9,3.66,6.18,9.84,4.09,5.72,9.81,4.04,5.7,9.74
Guinea,,,,,,,,,,,,,,,,,,,,,,,,,,,,,,,,,,,,,,,,,,,,,,,,,,,,,,,,,,,,,,,,,,,,,,,,,,,,,,,,,,,,,,,,,,,,,,,,,,,,,,,,,,,,,,,,,,,,,,,,,,,,,,,,,,,,,,,,,,,,,,,,,,,,,,,,,,,,,1.5,7.5,9
Guinea-Bissau,,,,,,,,,,,,,,,,,,,,,,,,,,,,,,,,,,,,,,,,,,,,,,,,,,,,,,,,,,,,,,,,,,,,,,,,,,,,,,,,,,,,,,,,,,,,,,,,,,,,,,,,,,,,,,,,,,,,,,,,,,,,,,,,,,,,,,,,,,,,,,,,,,,,,,,,,,,,,0.6,2.4,3
Guyana,,,,,,,,,,,,,,,,,,,,,,,,,,,,,,,,,,,,,,,,,,,,,,,,,,,,,,,,,,,,,,,,,,,,,,,,,,,,,,,,,,,,,,,,,,,,,,,,,,,,,,,,,,,,,,,,,,,,,,,,,,,,,,,,,,,,,,,,,,,,,,,,,,,,,,,,,,,,,4.8,7.2,12
Haiti,,,,,,,,,,,,,,,,,,,,,,,,,,,,,,,,,,,,,,,,,,,,,,,,,,,,,,,,,,,,,,,,,,,,,,,,,,,,,,,,,,,,,,,,,,,,,,,,,,,,,,,,,,,,,,,,,,,,,,,,,,,,,,,,,,,,,,,,,,,,,,,,,,,,,,,,,,,,,0.4,10.1,10.5
Honduras,,,,,,,,,,,,,,,,,,,,,,,,,,,,,,,,,,,,,,,,,,,,,,,,,,,,,,,,,,,,,,,,,,,,,,,,,,,,,,,,,,,,,,,,,,,,,,,,,,,,,,,,,,,,,,,,,,,,,,,,,,,,,,,,,,,,,,,,,,,,,,,,,,,,,,,,,,,,,5.9,14.7,20.6
Hong Kong,,,,,,,,,,,,,,,,,,,,,,,,,,,,,,,11.76,18.92,30.68,10.36,22.25,32.61,11.63,22.9,34.53,12.93,25.48,38.41,13.87,28.51,42.38,15.47,30.85,46.32,17.16,31.16,48.32,18.04,32.82,50.86,17.3,33.82,51.12,19.44,40.35,59.79,18.81,37.85,56.66,20.98,40.12,61.1,19.73,41.79,61.52,20.93,43.87,64.8,20.06,44.07,64.13,22.59,46.51,69.1,24.75,48.53,73.28,23.52,53.35,76.87,23.92,54.54,78.46,23.94,54.87,78.81,22.19,60.4,82.59,22.84,53.45,76.29,25.09,53.86,78.95,21.46,55.48,76.94,23.94,54.56,78.5,24.03,54.46,78.49,25.22,57.17,82.39,24.71,57.4,82.11,23.57,51.48,75.05,22.96,56.83,79.79,23.3,58.06,81.36,22.97,54.62,77.59,24.45,55.31,79.76,23.6,55.48,79.08,21.04,53.96,75,19.87,51.54,71.41,19.21,49.24,68.45,18.68,48.8,67.48,19.56,49.11,68.67,18.78,49.37,68.15,18.52,51.14,69.66,18.64,46.98,65.62,18.18,46.38,64.56
Hungary,,,,,,,,,,,,,,,,5.31,21.09,26.4,5.31,22.64,27.95,5.7,23.5,29.2,6.14,23.99,30.13,6.23,27.88,34.11,6.32,27.34,33.66,6.68,30.22,36.9,7.22,30.01,37.23,7.21,32.23,39.44,7.57,32.68,40.25,7.23,36.12,43.35,7.57,37.58,45.15,6.99,39.15,46.14,7.63,40.03,47.66,7.01,40.86,47.87,7.63,40.14,47.77,7.85,43.08,50.93,7.69,42.35,50.04,8.68,43.44,52.12,8.67,47.65,56.32,8.03,47.25,55.28,8.96,49.03,57.99,8.47,50.51,58.98,9.61,54.69,64.3,9.29,56.45,65.74,10.26,57.1,67.36,9.89,60.91,70.8,10.94,63.43,74.37,11.41,64.69,76.1,11.34,67.33,78.67,11.62,67.25,78.87,12.43,73.45,85.88,13.69,75.63,89.32,13.84,73.66,87.5,14.6,74.87,89.47,15.57,78.95,94.52,15.92,80.22,96.14,16.82,83.14,99.96,18.05,83.6,101.65,17.42,84.53,101.95,18.77,82.91,101.68,20.31,84.75,105.06,19.72,84.08,103.8,20.08,84.93,105.01,20.91,82.96,103.87,21.38,81.35,102.73,21.67,80.22,101.89,22.69,78.66,101.35
Iceland,,,,1.01,6.18,7.19,3.74,,3.74,2.43,8.49,10.92,7.42,6.81,14.23,,9.75,9.75,3.09,9.52,12.61,6.75,8.63,15.38,2.1,7.08,9.18,6.56,12.9,19.46,13.42,9.58,23,3,9.1,12.1,2.55,13.35,15.9,2.88,11.06,13.94,10.39,14.52,24.91,5.67,10.65,16.32,8.89,11.54,20.43,8.84,21.18,30.02,7.3,16.08,23.38,10.84,11.73,22.57,5.17,17.18,22.35,11.23,10,21.23,12.05,19.06,31.11,9.12,14.06,23.18,9.68,14.17,23.85,11.8,19.49,31.29,9.52,16.02,25.54,14.12,23.55,37.67,11.32,20.85,32.17,16.67,25.69,42.36,21,15.29,36.29,22.65,33.64,56.29,26,29.96,55.96,20.16,27.48,47.64,17.32,20.53,37.85,17.7,32.01,49.71,20.84,24.41,45.25,20.59,27.62,48.21,28.32,30.6,58.92,23.52,26.57,50.09,21.87,30.4,52.27,22.31,35.35,57.66,29.95,27.38,57.33,23.79,29.74,53.53,27.69,22.99,50.68,21.38,29.19,50.57,25.84,34.24,60.08,26.57,36.04,62.61,23.88,29.35,53.23,25.15,32.93,58.08,26.19,26.27,52.46,23.77,30.45,54.22,22.95,25.06,48.01
India,,,,,,,,,,,,,,,,,,,,,,,,,,,,,,,,,,,,,,,,,,,,,,,,,,,,,,,,,,,,,,,,,,,,,,,,,,,,,,,,,,,,,,,,,,,,,,,,,,,,,,,,,,,,,,,,,,,,,,,,,,,,,,,,,,,,,,,,,,,,,,,,,,,,,,,,,,,,,1.7,7.9,9.6
Indonesia,,,,,,,,,,,,,,,,,,,,,,,,,,,,,,,,,,,,,,,,,,,,,,,,,,,,,,,,,,,,,,,,,,,,,,,,,,,,,,,,,,,,,,,,,,,,,,,,,,,,,,,,,,,,,,,,,,,,,,,,,,,,,,,,,,,,,,,,,,,,,,,,,,,,,,,,,,,,,6.3,18.6,24.9
Iran,,,,,,,,,,,,,,,,,,,,,,,,,,,,,,,,,,,,,,,,,,,,,,,,,,,,,,,,,,,,,,,,,,,,,,,,,,,,,,,,,,,,,,,,,,,,,,,,,,,,,,,,,,,,,,,,,,,,,,,,,,,,,,,,,,,,,,,,,,,,,,,,,,,,,,,,,,,,,2.1,6.7,8.8
Iraq,,,,,,,,,,,,,,,,,,,,,,,,,,,,,,,,,,,,,,,,,,,,,,,,,,,,,,,,,,,,,,,,,,,,,,,,,,,,,,,,,,,,,,,,,,,,,,,,,,,,,,,,,,,,,,,,,,,,,,,,,,,,,,,,,,,,,,,,,,,,,,,,,,,,,,,,,,,,,6.2,21.1,27.3
Ireland,3.12,10.21,13.33,4.18,12.5,16.68,4.67,14.46,19.13,4.7,16.65,21.35,5.88,18.09,23.97,5.53,19.13,24.66,4.74,21.95,26.69,7.06,22.1,29.16,5.48,21.66,27.14,5.12,24.6,29.72,5.93,26.37,32.3,5.87,27.89,33.76,7.74,28.51,36.25,6.31,27.59,33.9,6.74,28.62,35.36,7.76,31.39,39.15,7.56,34.38,41.94,8.83,34.41,43.24,9.73,38.36,48.09,8.97,36.31,45.28,10.13,40.38,50.51,11.44,40.23,51.67,11.99,39.57,51.56,11.06,43.06,54.12,14.31,43.54,57.85,13.87,44.72,58.59,13.46,48.34,61.8,13.26,46.37,59.63,14.17,46.35,60.52,15.56,46.66,62.22,15,44.93,59.93,16.22,49.81,66.03,16.54,45.72,62.26,18.44,50.21,68.65,18.82,51.93,70.75,17.53,52.44,69.97,17.75,51.92,69.67,16.45,46.78,63.23,19.31,49.55,68.86,20.01,47.2,67.21,18.52,46.57,65.09,16.87,44.86,61.73,17.94,45.97,63.91,17.48,47.26,64.74,18.63,45.31,63.94,18.5,43.36,61.86,16.63,40.01,56.64,16.07,37.09,53.16,18.47,39.79,58.26,16.83,36.67,53.5,18.85,38.06,56.91,16.42,35.93,52.35,16.81,35.14,51.95
Israel,,,,,,,,,,,,,,,,,,,,,,,,,,,,,,,,,,,,,,,,,,,,,,,,,,,,,,,,,,,,,,,,,,,,,,,,,,,,7.07,26.18,33.25,7.84,26.2,34.04,8.62,25.61,34.23,8.21,25.37,33.58,8.18,26.13,34.31,8.83,27.21,36.04,8.11,23.28,31.39,7.68,25.23,32.91,7.85,24.09,31.94,7.97,25.17,33.14,7.73,25.92,33.65,8.36,24.44,32.8,8.25,23.5,31.75,7.75,24.06,31.81,8.42,26.48,34.9,8.96,28.3,37.26,8.12,27.04,35.16,8.04,26.03,34.07,9.29,29.51,38.8,8.94,28.7,37.64,9.77,27.34,37.11,7.83,26.8,34.63,8.79,26.61,35.4,7.71,27.37,35.08,8.08,27.23,35.31,9.51,26.8,36.31,8.88,27.07,35.95,9.11,28.12,37.23
Italy,,,,2.57,9.45,12.02,2.68,10.77,13.45,2.92,12.05,14.97,2.97,13.96,16.93,3.32,14.7,18.02,3.47,16.68,20.15,3.43,17.77,21.2,3.57,18.47,22.04,3.42,19.78,23.2,4.01,21.65,25.66,4,22.82,26.82,3.93,24.3,28.23,4.22,25.13,29.35,4.38,28.04,32.42,4.42,29.23,33.65,4.73,30.57,35.3,4.54,32.28,36.82,4.57,34.46,39.03,4.71,36.21,40.92,4.64,36.02,40.66,4.55,38.63,43.18,4.92,39.66,44.58,5.15,41.11,46.26,5.22,43.21,48.43,5.37,44.79,50.16,5.64,47.1,52.74,5.87,48.53,54.4,5.64,50.44,56.08,5.95,52.35,58.3,6.07,55.13,61.2,6.26,54.76,61.02,6.32,56.85,63.17,6.62,58.23,64.85,6.81,58.26,65.07,6.89,59.34,66.23,7.29,58.04,65.33,7.19,59.78,66.97,7.31,59.35,66.66,7.33,57.36,64.69,7.27,56.13,63.4,7.23,55.76,62.99,7.82,55.54,63.36,7.68,55.02,62.7,7.77,54.07,61.84,7.87,52.3,60.17,8,51.15,59.15,7.83,50.14,57.97,8.02,49.21,57.23,7.91,48.2,56.11,8.28,46.03,54.31,8.38,45.36,53.74,8.75,44.23,52.98
Jamaica,,,,,,,,,,,,,,,,,,,,,,,,,,,,,,,,,,,,,,,,,,,,,,,,,,,,,,,,,,,,,,,,,,,,,,,,,,,,,,,,,,,,,,,,,,,,,,,,,,,,,,,,,,,,,,,,,,,,,,,,,,,,,,,,,,,,,,,,,,,,,,,,,,,,,,,,,,,,,5.5,22.1,27.6
Japan,0.95,2.69,3.64,1.1,2.69,3.79,1.36,3.48,4.84,1.41,3.86,5.27,1.84,4.89,6.73,2.12,5.77,7.89,2.52,6.86,9.38,2.68,7.35,10.03,3.26,8.23,11.49,3.33,9.15,12.48,3.52,9.8,13.32,3.95,10.35,14.3,4.13,11.15,15.28,4.2,11.95,16.15,4.39,12.51,16.9,4.66,12.99,17.65,4.94,13.73,18.67,4.91,14.42,19.33,5,14.9,19.9,5.25,15.66,20.91,5.17,15.86,21.03,5.19,16.56,21.75,5.6,17.69,23.29,5.62,18.02,23.64,5.62,18.89,24.51,5.93,19.59,25.52,6.21,20.44,26.65,6.37,21.72,28.09,6.69,22.43,29.12,6.69,23.67,30.36,7.07,24.27,31.34,7.19,25.34,32.53,7.45,25.78,33.23,7.49,26.45,33.94,7.69,27.32,35.01,7.65,27.68,35.33,7.73,27.54,35.27,7.88,28.71,36.59,8.03,29.3,37.33,8.12,30.21,38.33,7.9,30.35,38.25,8.09,30.48,38.57,8.34,30.74,39.08,8.18,30.86,39.04,8.32,31.06,39.38,8.42,31.51,39.93,8.55,31.95,40.5,8.45,31.42,39.87,8.56,31.37,39.93,8.46,31.01,39.47,8.4,30.89,39.29,8.3,30.42,38.72,8.04,30.22,38.26
Jordan,,,,,,,,,,,,,,,,,,,,,,,,,,,,,,,,,,,,,,,,,,,,,,,,,,,,,,,,,,,,,,,,,,,,,,,,,,,,,,,,,,,,,,,,,,,,,,,,,,,,,,,,,,,,,,,,,,,,,,,,,,,,,,,,,,,,,,,,,,,,,,,,,,,,,,,,,,,,,3.2,15.3,18.5
Kazakhstan,,,,,,,,,,,,,,,,,,,,,,,,,,,,,,,,,,,,,,,,,,,,,,,,,,,,,,,,,,,,,,,,,,,,,,,,,,,,,,,,,,,,,,,,,,,,,,7.9,55.3,63.2,8.06,52.67,60.73,,,,,,,8.5,59.51,68.01,8.81,62.24,71.05,7.93,63.72,71.65,9.35,65.08,74.43,9.48,67.84,77.32,9.63,70.64,80.27,9.75,69.87,79.62,8.97,71.09,80.06,8.97,70.73,79.7,8.79,63.97,72.76,8.56,63.25,71.81,8.64,59.47,68.11,8.36,57.33,65.69,7.93,58.45,66.38,8.17,54.38,62.55,7.67,54.61,62.28,7.47,51.71,59.18,7.42,52.04,59.46
Kenya,,,,,,,,,,,,,,,,,,,,,,,,,,,,,,,,,,,,,,,,,,,,,,,,,,,,,,,,,,,,,,,,,,,,,,,,,,,,,,,,,,,,,,,,,,,,,,,,,,,,,,,,,,,,,,,,,,,,,,,,,,,,,,,,,,,,,,,,,,,,,,,,,,,,,,,,,,,,,2.1,4.1,6.2
Kuwait,,,,,,,,,,,,,,,,,,,,,,,,,,,,,,,,,,,,,,,,,,,,,,,,,,,,,,,,,,,,,,,,,,,3.79,15.06,18.85,,,,,,,5.25,17.93,23.18,3.16,16.83,19.99,2.63,24.86,27.49,3.21,20.65,23.86,7.24,24.6,31.84,9.11,25.59,34.7,7.58,16.69,24.27,8.85,30.2,39.05,7,24.54,31.54,10.02,26.8,36.82,6.49,26.09,32.58,7.14,20.44,27.58,4.92,18.66,23.58,,,,,,,,,,,,,,,,8.01,11.87,19.88,5.65,11.79,17.44,5.91,20.32,26.23,5.55,19.63,25.18,9.61,19.29,28.9,9.33,15.92,25.25,2.79,11.48,14.27,5.26,16.99,22.25,4.74,9.58,14.32,3.08,12.28,15.36
Kyrgyzstan,,,,,,,,,,,,,,,,,,,,,,,,,,,,,,,,,,,,,,,,,,,,,,,,,,,,,,,,,,,,,,,,,,,,,,,,,,,,,,,,,,,,,,,,,,,,,,4.3,28.77,33.07,4.04,33.23,37.27,,,,,,,3.5,31.19,34.69,4.54,32.68,37.22,5.24,32.19,37.43,5.68,35.11,40.79,4.73,38.71,43.44,6.07,35.14,41.21,5.41,36.29,41.7,5.66,36.41,42.07,4.21,28.15,32.36,5.01,25.47,30.48,3.76,25.99,29.75,4.02,24.04,28.06,4.65,23.69,28.34,4.27,22.31,26.58,3.55,22.84,26.39,4.78,20.38,25.16,4.55,19.35,23.9,4.08,22.15,26.23
Laos,,,,,,,,,,,,,,,,,,,,,,,,,,,,,,,,,,,,,,,,,,,,,,,,,,,,,,,,,,,,,,,,,,,,,,,,,,,,,,,,,,,,,,,,,,,,,,,,,,,,,,,,,,,,,,,,,,,,,,,,,,,,,,,,,,,,,,,,,,,,,,,,,,,,,,,,,,,,,6,16.9,22.9
Latvia,,,,,,,,,,,,,,,,,,,,,,,,,,,,,,,,,,,,,,,,,,,,,,,,,,,,,,,,,,,,,,,,,,,,,,,,,,,,,,,,,,,,,,,,,,,5.63,51.86,57.49,5.66,51.09,56.75,6.01,57.91,63.92,5.97,57.73,63.7,6.28,56.64,62.92,6.55,58.81,65.36,7.47,62.83,70.3,7.15,64.85,72,6.41,66.08,72.49,7.46,65.43,72.89,6.84,63.94,70.78,6.77,70.83,77.6,6.34,68.1,74.44,6.64,63.61,70.25,5.73,67.22,72.95,6.24,60.97,67.21,6.42,62.33,68.75,6.11,57.23,63.34,6.23,57.97,64.2,6.11,61.82,67.93,5.78,55.5,61.28,6.2,60.26,66.46,6.04,56.63,62.67
Lebanon,,,,,,,,,,,,,,,,,,,,,,,,,,,,,,,,,,,,,,,,,,,,,,,,,,,,,,,,,,,,,,,,,,,,,,,,,,,,,,,,,,,,,,,,,,,,,,,,,,,,,,,,,,,,,,,,,,,,,,,,,,,,,,,,,,,,,,,,,,,,,,,,,,,,,,,,,,,,,4.6,29.1,33.7
Lesotho,,,,,,,,,,,,,,,,,,,,,,,,,,,,,,,,,,,,,,,,,,,,,,,,,,,,,,,,,,,,,,,,,,,,,,,,,,,,,,,,,,,,,,,,,,,,,,,,,,,,,,,,,,,,,,,,,,,,,,,,,,,,,,,,,,,,,,,,,,,,,,,,,,,,,,,,,,,,,1.6,11.3,12.9
Liberia,,,,,,,,,,,,,,,,,,,,,,,,,,,,,,,,,,,,,,,,,,,,,,,,,,,,,,,,,,,,,,,,,,,,,,,,,,,,,,,,,,,,,,,,,,,,,,,,,,,,,,,,,,,,,,,,,,,,,,,,,,,,,,,,,,,,,,,,,,,,,,,,,,,,,,,,,,,,,0.6,1.6,2.2
Libya,,,,,,,,,,,,,,,,,,,,,,,,,,,,,,,,,,,,,,,,,,,,,,,,,,,,,,,,,,,,,,,,,,,,,,,,,,,,,,,,,,,,,,,,,,,,,,,,,,,,,,,,,,,,,,,,,,,,,,,,,,,,,,,,,,,,,,,,,,,,,,,,,,,,,,,,,,,,,2.1,10.1,12.2
Lithuania,,,,,,,,,,,,,,,,,,,,,,,,,,,,,,,,,,,,,,,,,,,,,,,,,,,,,,,,,,,,,,,,,,,,,,,,,,,,,,,,,,,,,,,,,,,,,,4.97,52.29,57.26,5.34,51.81,57.15,,,,,,,5.88,54.2,60.08,5.45,56.13,61.58,5.12,57.88,63,5.5,59.83,65.33,5.75,59.51,65.26,6.06,61.46,67.52,6.1,65.03,71.13,5.03,62.91,67.94,6.26,62.96,69.22,5.08,64.79,69.87,5.71,63.4,69.11,5.21,60.33,65.54,5.46,57.9,63.36,4.64,60.33,64.97,5.84,58.69,64.53,4.96,54.13,59.09,5.66,55.58,61.24,4.71,55.21,59.92
Luxembourg,,,,,,,,,,,,,,,,,,,,,,,,,,,,,,,,,,,,,,,,,,,,,,,,,,,,4.69,63.51,68.2,3.41,65.72,69.13,3.81,56.77,60.58,3.49,71.45,74.94,3.95,69.1,73.05,8.14,63.32,71.46,3.61,67.07,70.68,3.72,54.93,58.65,5.11,66.74,71.85,5.45,68.53,73.98,4.56,71.53,76.09,5.56,65.46,71.02,7.01,64.36,71.37,7.77,67.29,75.06,5,71.75,76.75,3.9,72.98,76.88,6.65,70.41,77.06,10.58,67.46,78.04,9.72,66.17,75.89,6.23,72.5,78.73,8.48,70.25,78.73,7.62,72.4,80.02,9.75,63.13,72.88,8.71,61.6,70.31,9.14,55.89,65.03,9.95,62.57,72.52,8.5,63.51,72.01,11.32,51.91,63.23,9.14,58.45,67.59,9.75,54.84,64.59,14.66,54.09,68.75,11.89,53.29,65.18,13.24,46.41,59.65,11.04,48.06,59.1,10.17,41.67,51.84,7.97,44,51.97
Madagascar,,,,,,,,,,,,,,,,,,,,,,,,,,,,,,,,,,,,,,,,,,,,,,,,,,,,,,,,,,,,,,,,,,,,,,,,,,,,,,,,,,,,,,,,,,,,,,,,,,,,,,,,,,,,,,,,,,,,,,,,,,,,,,,,,,,,,,,,,,,,,,,,,,,,,,,,,,,,,2.1,3.5,5.6
Malawi,,,,,,,,,,,,,,,,,,,,,,,,,,,,,,,,,,,,,,,,,,,,,,,,,,,,,,,,,,,,,,,,,,,,,,,,,,,,,,,,,,,,,,,,,,,,,,,,,,,,,,,,,,,,,,,,,,,,,,,,,,,,,,,,,,,,,,,,,,,,,,,,,,,,,,,,,,,,,0.4,2.4,2.8
Malaysia,,,,,,,,,,,,,,,,,,,,,,,,,,,,,,,,,,,,,,,,,,,,,,,,,,,,,,,,,,,,,,,,,,,,,,,,,,,,,,,,,,,,,,,,,,,,,,,,,,,,,,,,,,,,,,,,,,,,,,,,,,,,,,,,,,,,,,,,,,,,,,,,,,,,,,,,,,,,,10.1,27.9,38
Mali,,,,,,,,,,,,,,,,,,,,,,,,,,,,,,,,,,,,,,,,,,,,,,,,,,,,,,,,,,,,,,,,,,,,,,,,,,,,,,,,,,,,,,,,,,,,,,,,,,,,,,,,,,,,,,,,,,,,,,,,,,,,,,,,,,,,,,,,,,,,,,,,,,,,,,,,,,,,,0.1,2.8,2.9
Malta,,,,,,,,,,,,,,,,,,,,,,,,,,,,,,,,,,,,,,,,,,,,,,2.23,38.38,40.61,,,,2.71,30.7,33.41,3.07,38.06,41.13,4.92,40.92,45.84,1.91,35.94,37.85,3.34,44.2,47.54,0.61,25.01,25.62,1.1,29.24,30.34,2.76,30.44,33.2,1.24,47.36,48.6,5.26,38.99,44.25,3.63,31.18,34.81,1.86,41.25,43.11,3.16,40.01,43.17,4.45,39.62,44.07,5.35,41.53,46.88,4.81,39.64,44.45,6.85,40.18,47.03,4.58,39.89,44.47,2.45,47.48,49.93,5.36,47.48,52.84,2.22,47.77,49.99,4.78,35.49,40.27,4.28,45.36,49.64,2.9,40.48,43.38,2.48,44.11,46.59,4.56,43.76,48.32,5.12,42.54,47.66,5.88,40.42,46.3,2.32,43.33,45.65,6.5,49.16,55.66,4.21,38.57,42.78,5.96,32.29,38.25,4.8,38.19,42.99,7.75,35.12,42.87,5.9,40.76,46.66,4.53,41.35,45.88
Mauritania,,,,,,,,,,,,,,,,,,,,,,,,,,,,,,,,,,,,,,,,,,,,,,,,,,,,,,,,,,,,,,,,,,,,,,,,,,,,,,,,,,,,,,,,,,,,,,,,,,,,,,,,,,,,,,,,,,,,,,,,,,,,,,,,,,,,,,,,,,,,,,,,,,,,,,,,,,,,,0.6,2.4,3
Mauritius,,,,,,,,,,,,,,,,,,,,,,,,,,,,,,,,,,1.73,12.15,13.88,1.24,9.55,10.79,1.68,8.57,10.25,2.01,11.82,13.83,0.62,4.35,4.97,3.26,11.11,14.37,2.4,9.39,11.79,2.43,16.95,19.38,1.01,16.24,17.25,4.67,15.71,20.38,3.7,11.47,15.17,2.63,20.94,23.57,3.45,27.53,30.98,4.33,10.94,15.27,3.36,18.63,21.99,2.47,19.57,22.04,4.77,11.83,16.6,3.38,16.91,20.29,5.76,21.52,27.28,2.22,22.18,24.4,4.7,30.83,35.53,3.89,19.84,23.73,3.18,15.35,18.53,4.39,19.29,23.68,4.14,19.94,24.08,3.78,17.1,20.88,4.08,14.3,18.38,6.18,20.29,26.47,4.65,18.71,23.36,4.21,15.59,19.8,4.85,18.74,23.59,3.25,17.62,20.87,3.42,14.93,18.35,4.38,14.8,19.18,4.13,17.49,21.62,3.48,16.45,19.93,3.22,12.7,15.92,5.01,16.7,21.71,4.34,14.02,18.36,4.04,12.86,16.9,4.21,19.88,24.09,4.95,15.87,20.82
Mexico,,,,,,,,,,,,,,,,2.39,3.66,6.05,2.59,4.28,6.87,2.88,4.41,7.29,2.83,5.58,8.41,3.3,5.54,8.84,3.21,5.84,9.05,3.32,5.71,9.03,3,5.47,8.47,3.26,5.69,8.95,3.19,5.98,9.17,3.35,6.64,9.99,3.72,6.56,10.28,3.72,7.55,11.27,3.58,7.12,10.7,3.35,6.87,10.22,3.65,7.45,11.1,3.81,7.79,11.6,3.86,7.98,11.84,3.98,8.29,12.27,3.6,8.62,12.22,3.73,9.31,13.04,4.03,9.65,13.68,4.22,9.79,14.01,4.05,10.86,14.91,4.53,11.81,16.34,4.49,11.06,15.55,4.66,12.05,16.71,4.39,12.41,16.8,5,12.97,17.97,5.13,13.34,18.47,5.35,14.25,19.6,5.52,14.47,19.99,5.41,15.03,20.44,5.43,15.18,20.61,5.33,15.83,21.16,5.41,14.77,20.18,5.4,14.81,20.21,5.61,15.28,20.89,5.44,16.02,21.46,5.71,15.36,21.07,5.34,14.91,20.25,5.4,14.22,19.62,5.67,14.49,20.16,5.25,13.7,18.95,5.19,13.62,18.81,4.97,12.66,17.63,4.76,12.65,17.41,4.96,12.5,17.46
Moldova,,,,,,,,,,,,,,,,,,,,,,,,,,,,,,,,,,,,,,,,,,,,,,,,,,,,,,,,,,,,,,,,,,,,,,,,,,,,,,,,,,,,,,,,,,,,,,6.02,31.5,37.52,4.95,33.52,38.47,,,,,,,6.12,39.7,45.82,5.89,41.09,46.98,7.73,42.18,49.91,6.9,45.36,52.26,8.19,47.7,55.89,6.19,45.88,52.07,6.99,42.57,49.56,5.07,42.12,47.19,6.63,41.42,48.05,6.19,44.01,50.2,5.59,40.75,46.34,5.77,41.29,47.06,6.06,35.03,41.09,5.25,31.37,36.62,5.24,28.11,33.35,4.65,28.11,32.76,5.4,30.59,35.99,5.05,28.48,33.53
Mongolia,,,,,,,,,,,,,,,,,,,,,,,,,,,,,,,,,,,,,,,,,,,,,,,,,,,,,,,,,,,,,,,,,,,,,,,,,,,,,,,,,,,,,,,,,,,,,,,,,,,,,,,,,,,,,,,,,,,,,,,,,,,,,,,,,,,,,,,,,,,,,,,,,,,,,,,,,,,,,13,27.6,40.6
Morocco,,,,,,,,,,,,,,,,,,,,,,,,,,,,,,,,,,,,,,,,,,,,,,,,,,,,,,,,,,,,,,,,,,,,,,,,,,,,,,,,,,,,,,,,,,,,,,,,,,,,,,,,,,,,,,,,,,,,,,,,,,,,,,,,,,,,,,,,,,,,,,,,,,,,,,,,,,,,,1.9,19.6,21.5
Mozambique,,,,,,,,,,,,,,,,,,,,,,,,,,,,,,,,,,,,,,,,,,,,,,,,,,,,,,,,,,,,,,,,,,,,,,,,,,,,,,,,,,,,,,,,,,,,,,,,,,,,,,,,,,,,,,,,,,,,,,,,,,,,,,,,,,,,,,,,,,,,,,,,,,,,,,,,,,,,,1.2,1.7,2.9
Myanmar,,,,,,,,,,,,,,,,,,,,,,,,,,,,,,,,,,,,,,,,,,,,,,,,,,,,,,,,,,,,,,,,,,,,,,,,,,,,,,,,,,,,,,,,,,,,,,,,,,,,,,,,,,,,,,,,,,,,,,,,,,,,,,,,,,,,,,,,,,,,,,,,,,,,,,,,,,,,,11.8,25.5,37.3
Namibia,,,,,,,,,,,,,,,,,,,,,,,,,,,,,,,,,,,,,,,,,,,,,,,,,,,,,,,,,,,,,,,,,,,,,,,,,,,,,,,,,,,,,,,,,,,,,,,,,,,,,,,,,,,,,,,,,,,,,,,,,,,,,,,,,,,,,,,,,,,,,,,,,,,,,,,,,,,,,2.2,5.9,8.1
Nepal,,,,,,,,,,,,,,,,,,,,,,,,,,,,,,,,,,,,,,,,,,,,,,,,,,,,,,,,,,,,,,,,,,,,,,,,,,,,,,,,,,,,,,,,,,,,,,,,,,,,,,,,,,,,,,,,,,,,,,,,,,,,,,,,,,,,,,,,,,,,,,,,,,,,,,,,,,,,,2.2,11,13.2
Netherlands,3.05,22.92,25.97,3.69,25.86,29.55,2.8,26.45,29.25,3.09,27.61,30.7,3.23,30.74,33.97,2.79,30.83,33.62,3.29,34.27,37.56,3.14,35.31,38.45,2.96,36.52,39.48,3.14,40.22,43.36,3.24,41.81,45.05,3.66,45.47,49.13,3.24,47.6,50.84,3.45,50.47,53.92,3.46,52.54,56,3.43,52.85,56.28,3.3,56.33,59.63,3.67,59.82,63.49,3.97,62.09,66.06,3.3,62.83,66.13,3.69,64.88,68.57,3.86,68.02,71.88,4.15,67.5,71.65,3.81,70.15,73.96,4.43,70.4,74.83,4.3,72.97,77.27,4.6,75.34,79.94,5.06,74.28,79.34,5.39,77.89,83.28,5.41,76,81.41,6.13,77.9,84.03,6.45,77.85,84.3,6.97,78.2,85.17,7.14,75.91,83.05,8.1,77.18,85.28,8.22,76.75,84.97,8.78,76.96,85.74,8.79,74.82,83.61,9.87,74.94,84.81,10.46,71.72,82.18,10.31,67.3,77.61,10.75,67.53,78.28,11.73,66.23,77.96,12.61,65.15,77.76,13.36,62.74,76.1,13.82,61.25,75.07,13.86,58.83,72.69,14.75,57.72,72.47,14.95,56.19,71.14,15.99,54.37,70.36,16.85,50.45,67.3,17.04,50.42,67.46,18.1,49.33,67.43
New Zealand,2.55,16.86,19.41,3.22,19.48,22.7,3.56,21.99,25.55,2.99,21.84,24.83,2.56,23.68,26.24,3.04,26.49,29.53,4.46,26.78,31.24,3.39,30.16,33.55,4.1,28.74,32.84,3.89,29.93,33.82,4.63,27.96,32.59,5.32,32.24,37.56,4.39,34.7,39.09,5.59,36.6,42.19,5.58,37.55,43.13,4.78,37.78,42.56,5,41.04,46.04,5.91,37.39,43.3,6.11,45.11,51.22,7.31,46.05,53.36,8.99,47,55.99,8.06,45.99,54.05,9.91,42.33,52.24,10.85,45.44,56.29,11.21,48.88,60.09,10.96,49.66,60.62,10.58,51.74,62.32,11.81,50.33,62.14,12.4,48.49,60.89,12.66,49.49,62.15,12.74,48.64,61.38,14.03,49.44,63.47,13.88,46.14,60.02,13.54,50.98,64.52,13.68,51.01,64.69,15.16,45.16,60.32,14.17,47.92,62.09,17.11,47.38,64.49,16.46,44.14,60.6,17.61,42.92,60.53,17.96,42.19,60.15,17.56,40.21,57.77,17.13,42.35,59.48,17.17,38.93,56.1,18.23,38.42,56.65,18.6,37.47,56.07,17.7,36.93,54.63,18.96,35.27,54.23,17.94,33.42,51.36,19.1,32.8,51.9,17.2,31.58,48.78,19.16,30.17,49.33,18.06,29.74,47.8
Nicaragua,,,,,,,,,,,,,,,,,,,,,,,,,,,,,,,,,,0.12,0.49,0.61,0.29,0.51,0.8,0.61,1.41,2.02,0.61,0.9,1.51,0.26,,0.26,,,,,,,0.64,0.26,0.9,2.17,1.37,3.54,,,,,,,,,,0.65,0.5,1.15,0.43,0.52,0.95,1.22,2.12,3.34,0.29,0.28,0.57,0.62,1.36,1.98,,1.2,1.2,,,,,,,,,,,,,,,,,,,,,,,,,,,,1.68,3.62,5.3,1.98,3.5,5.48,1.92,5.47,7.39,2.3,3.43,5.73,1.41,3.42,4.83,1.54,3.83,5.37,1.93,5.09,7.02,,,,3.3,5.1,8.4,2.74,5.55,8.29,1.5,5.41,6.91,2.08,6.1,8.18,3.24,6.33,9.57,2.32,4.6,6.92,2.32,5.52,7.84
Niger,,,,,,,,,,,,,,,,,,,,,,,,,,,,,,,,,,,,,,,,,,,,,,,,,,,,,,,,,,,,,,,,,,,,,,,,,,,,,,,,,,,,,,,,,,,,,,,,,,,,,,,,,,,,,,,,,,,,,,,,,,,,,,,,,,,,,,,,,,,,,,,,,,,,,,,,,,,,,0.4,4.6,5
Nigeria,,,,,,,,,,,,,,,,,,,,,,,,,,,,,,,,,,,,,,,,,,,,,,,,,,,,,,,,,,,,,,,,,,,,,,,,,,,,,,,,,,,,,,,,,,,,,,,,,,,,,,,,,,,,,,,,,,,,,,,,,,,,,,,,,,,,,,,,,,,,,,,,,,,,,,,,,,,,,0.4,1.1,1.5
North Korea,,,,,,,,,,,,,,,,,,,,,,,,,,,,,,,,,,,,,,,,,,,,,,,,,,,,,,,,,,,,,,,,,,,,,,,,,,,,,,,,,,,,,,,,,,,,,,,,,,,,,,,,,,,,,,,,,,,,,,,,,,,,,,,,,,,,,,,,,,,,,,,,,,,,,,,,,,,,,10.3,43,53.3
North Macedonia,,,,,,,,,,,,,,,,,,,,,,,,,,,,,,,,,,,,,,,,,,,,,,,,,,,,,,,,,,,,,,,,,,,,,,,,,,,,,,,,,,,,,,,,,,,,,,,,,,,,,,,,,,,,,,,,,,,,,,,,,,,,5.13,31.65,36.78,4.72,34.93,39.65,5.21,38.04,43.25,7.16,41.29,48.45,6.01,36.43,42.44,7.04,41.33,48.37,6.6,41.49,48.09,7.01,43.11,50.12,7.38,39.91,47.29,7.64,41.45,49.09,6.94,41.64,48.58,5.48,42.24,47.72
Norway,,,,2.55,7.08,9.63,3.1,7.72,10.82,2.32,7.21,9.53,2.22,8.92,11.14,2.78,7.95,10.73,2.3,9.15,11.45,2.55,9.01,11.56,2.21,10.39,12.6,2.86,11.53,14.39,2.58,12.7,15.28,2.5,12.57,15.07,2.61,12.28,14.89,2.56,13.67,16.23,3.05,14.24,17.29,2.19,14.56,16.75,2.63,14.44,17.07,3.33,16.45,19.78,3.45,18.27,21.72,3.87,18.55,22.42,3.5,19.39,22.89,3.86,19.52,23.38,3.79,19.42,23.21,4.33,20.24,24.57,4.04,19.83,23.87,4.56,22.8,27.36,4.56,23.26,27.82,4.89,24.09,28.98,4.8,24.85,29.65,5.33,24.66,29.99,5.84,24.24,30.08,5.76,29.57,35.33,6.97,28.92,35.89,6.67,27.53,34.2,7.81,28.95,36.76,8.5,29.54,38.04,8.83,30.97,39.8,8.63,30.7,39.33,10.29,31.23,41.52,9.99,29.66,39.65,10.58,30.06,40.64,10.98,31.6,42.58,10.71,31.14,41.85,11.07,32.1,43.17,13.52,32.02,45.54,13.05,31.45,44.5,14.46,31.06,45.52,16.39,31.37,47.76,14.21,30.56,44.77,14.06,32.04,46.1,15.88,30.03,45.91,16.62,30.01,46.63,15.8,31.95,47.75
Oman,,,,,,,,,,,,,,,,,,,,,,,,,,,,,,,,,,,,,,,,,,,,,,,,,,,,,,,,,,,,,,,,,,,,,,,,,,,,,,,,,,,,,,,,,,,,,,,,,,,,,,,,,,,,,,,,,,,,,,,,,,,,,,,,,,,,,,,,,,,,,,,,,,,,,,,,,,,,,2.2,8.8,11
Pakistan,,,,,,,,,,,,,,,,,,,,,,,,,,,,,,,,,,,,,,,,,,,,,,,,,,,,,,,,,,,,,,,,,,,,,,,,,,,,,,,,,,,,,,,,,,,,,,,,,,,,,,,,,,,,,,,,,,,,,,,,,,,,,,,,,,,,,,,,,,,,,,,,,,,,,,,,,,,,,2.6,18.6,21.2
Panama,,,,,,,,,,,,,,,,0.96,5.55,6.51,1.09,6.04,7.13,1.64,9.06,10.7,1.68,7.05,8.73,2.35,5.27,7.62,2.21,5.82,8.03,2.46,8.81,11.27,2.91,6.65,9.56,1.96,6.91,8.87,0.64,6.43,7.07,2.46,9.61,12.07,1.16,7.92,9.08,1.76,6.91,8.67,0.7,7.12,7.82,1.93,7.02,8.95,1.86,8.85,10.71,2.04,8.42,10.46,1.75,10.82,12.57,3.85,9.6,13.45,2.92,10.65,13.57,3.19,11.24,14.43,2.22,10.54,12.76,3.17,12.24,15.41,2.45,11.43,13.88,3.37,13.92,17.29,4.03,16.07,20.1,2.82,12.38,15.2,4.27,13.87,18.14,3.74,14.22,17.96,4,13.9,17.9,3.72,12.69,16.41,4.24,16.49,20.73,5.29,13.53,18.82,3.2,14.39,17.59,4.33,15.17,19.5,,,,,,,,,,,,,,,,,,,4.45,12.84,17.29,4.16,11.35,15.51,3.86,12.45,16.31,3.47,12.34,15.81,5.01,10.88,15.89,3.69,11.56,15.25,5.13,12.62,17.75
Papua New Guinea,,,,,,,,,,,,,,,,,,,,,,,,,,,,,,,,,,,,,,,,,,,,,,,,,,,,,,,,,,,,,,,,,,,,,,,,,,,,,,,,,,,,,,,,,,,,,,,,,,,,,,,,,,,,,,,,,,,,,,,,,,,,,,,,,,,,,,,,,,,,,,,,,,,,,,,,,,,,,1.3,2.1,3.4
Paraguay,,,,,,,,,,,,,,,,,,,,,,,,,,,,,,,,,,,,,,,,,,,,,,,,,,,,,,,,,,,,,,,,,,,,,,,,,,,,,,,,,,,,,,,,,,,,,,,,,,,,,,,,,,,,,,,,,,,,,,,,,,,,,,,,,,,,,,,,,,,,,,,,,,,,,,,,,,,,,4.8,19.7,24.5
Peru,,,,,,,,,,,,,,,,,,,,,,,,,,,,,,,,,,,,,,,,,,,,,,,,,,,,,,,,,,,,,,,,,,,,,,,,,,,,,,,,,,,,,,,,,,,,,,,,,,,,,,,,,,,,,,,,,,,,,,,,,,,,,,,,,,,,,,,,,,,,,,,,,,,,,,,,,,,,,7.1,11.6,18.7
Philippines,,,,,,,,,,,,,,,,,,,,,,,,,,,,,,,,,,,,,,,,,,,,,,,,,,,,,,,,,,,,,,,,,,,,,,,,,,,,,,,,,,,,,,,,,,,,,,,,,,,,,,,,,,,,,,,,,,,,,,,,,,,,,,,,,,,,,,,,,,,,,,,,,,,,,,,,,,,,,12.6,46.6,59.2
Poland,,,,,,,,,,,,,,,,,,,,,,,,,,,,3.12,14.61,17.73,3.28,17.49,20.77,3.85,18.87,22.72,3.96,20.81,24.77,3.94,23.52,27.46,4.14,26.36,30.5,4.44,27.8,32.24,4.5,30.08,34.58,4.59,31.85,36.44,5.06,34.15,39.21,5.09,34.14,39.23,4.77,35.96,40.73,5.21,39.2,44.41,5.1,39.57,44.67,5.04,42.75,47.79,5.41,43.89,49.3,5.81,45.43,51.24,5.67,48.18,53.85,6.22,48.13,54.35,6.29,50.81,57.1,6.3,52.44,58.74,7.17,55.26,62.43,6.97,57.12,64.09,7.27,57.58,64.85,7.59,61.71,69.3,8.07,63.56,71.63,8.18,65.15,73.33,8.43,66.27,74.7,8.63,66.75,75.38,9.29,68.99,78.28,9.34,69.38,78.72,9.93,71.08,81.01,10.18,72,82.18,9.97,70.32,80.29,10.65,71.98,82.63,10.7,71.3,82,11.27,72.2,83.47,11.27,70.35,81.62,,,,,,,11.57,67.69,79.26,12.5,68.06,80.56,12.76,68.63,81.39,13.59,68.73,82.32
Portugal,,,,,,,,,,,,,,,,2.15,7.8,9.95,2.78,6.78,9.56,2.35,8.14,10.49,2,7.58,9.58,2.21,8.37,10.58,2.18,8.82,11,2.69,9.04,11.73,2.51,9.71,12.22,2.49,10.3,12.79,2.47,10.29,12.76,2.07,10.93,13,3.11,12.63,15.74,2.72,11.16,13.88,2.41,13,15.41,3.05,13.22,16.27,2.95,14.06,17.01,3.3,15.1,18.4,3.07,14.49,17.56,3.12,15.21,18.33,3.5,14.73,18.23,3.59,16.67,20.26,3.43,16.99,20.42,3.45,17.06,20.51,3.22,19.31,22.53,3.54,20.11,23.65,3.76,21.2,24.96,4.03,20.28,24.31,4.3,21.25,25.55,3.79,21.76,25.55,3.61,22.47,26.08,3.91,24.46,28.37,4.15,24.56,28.71,3.94,25.99,29.93,4.09,24.68,28.77,4.23,24.17,28.4,4.32,26.25,30.57,4.64,25.8,30.44,4.28,25.78,30.06,4.66,29.09,33.75,4.52,27.83,32.35,4.69,27.8,32.49,4.12,29,33.12,4.45,28.31,32.76,4.64,29.64,34.28,4.7,27.54,32.24,5.08,28.43,33.51,4.42,28.36,32.78,5.35,28.87,34.22
Puerto Rico,,,,,,,,,,,,,,,,,,,,,,,,,,,,,,,,,,,,,,,,,,,,,,,,,,,,,,,,,,,,,,,,,,,,,,,,,,,,,,,,,,,,,,,,,,,,,,,,,,,,,,,,,,,,,,,,,,,,,,,,,,,,,,,,,,,,,,,,,,,,,,,,,,,,,,,,,,,,,7.1,19.1,26.2
Qatar,,,,,,,,,,,,,,,,,,,,,,,,,,,,,,,,,,,,,,,,,,,,,,,,,,,,,,,,,,,,,,,,,,,,,,,,,,,,,,,,,,,,,,,,,,,,,,,,,,,,,,,,,,,,,,,,,,,,,,,,,,,,,,,,,,,,,,,,,,,,,,,,,,,,,,,,,,,,,4.2,18.5,22.7
Romania,,,,,,,,,,,,,,,,,,,,,,,,,,,,4.5,18.21,22.71,4.73,19.19,23.92,5.7,23.51,29.21,5.43,24.56,29.99,5.62,25.47,31.09,5.67,26.21,31.88,5.2,27.34,32.54,5.17,26.72,31.89,5.24,24.93,30.17,5.1,25.43,30.53,5.52,27.46,32.98,5.54,27.3,32.84,5.31,28.37,33.68,5.46,28.38,33.84,5.43,28.56,33.99,5.43,29.13,34.56,5.5,29.72,35.22,5.81,30.97,36.78,5.77,30.98,36.75,5.85,32.08,37.93,,,,6.56,33.15,39.71,5.92,32.51,38.43,5.77,32.95,38.72,5.89,33.28,39.17,5.79,34.13,39.92,5.92,35.72,41.64,6.09,37.79,43.88,6.14,37.78,43.92,6.13,39.62,45.75,6.35,38.8,45.15,6.59,38.27,44.86,6.38,39.72,46.1,6.25,42.28,48.53,7.3,43.02,50.32,7.08,44.6,51.68,7.25,45.17,52.42,7.21,44.39,51.6,7.48,45.05,52.53,7.56,45.59,53.15,7.48,44.13,51.61,7.92,46.87,54.79,7.93,47.26,55.19,7.81,47.02,54.83
Russia,,,,,,,,,,,,,,,,,,,,,,,,,,,,,,,,,,,,,,,,,,,,,,,,,,,,,,,,,,,,,,,,,,,,,,,,,,,,,,,,,,,,,,,,,,,6.53,59.61,66.14,6.48,60.52,67,6.55,62.24,68.79,6.87,64.17,71.04,6.79,64.85,71.64,6.89,66.26,73.15,7.09,68.48,75.57,7.2,69.37,76.57,7.34,71.39,78.73,7.35,72.31,79.66,7.37,72.73,80.1,7.2,73.02,80.22,7.31,73.21,80.52,7.32,73.88,81.2,7.21,72.27,79.48,6.75,68.58,75.33,6.41,64.72,71.13,6.46,63.97,70.43,6.23,62.79,69.02,5.98,61.75,67.73,5.91,60.44,66.35,5.91,57.57,63.48,5.77,56.75,62.52
Rwanda,,,,,,,,,,,,,,,,,,,,,,,,,,,,,,,,,,,,,,,,,,,,,,,,,,,,,,,,,,,,,,,,,,,,,,,,,,,,,,,,,,,,,,,,,,,,,,,,,,,,,,,,,,,,,,,,,,,,,,,,,,,,,,,,,,,,,,,,,,,,,,,,,,,,,,,,,,,,,0.9,1.7,2.6
Samoa,,,,,,,,,,,,,,,,,,,,,,,,,,,,,,,,,,,,,,,,,,,,,,,,,,,,,,,,,,,,,,,,,,,,,,,,,,,,,,,,,,,,,,,,,,,,,,,,,,,,,,,,,,,,,,,,,,,,,,,,,,,,,,,,,,,,,,,,,,,,,,,,,,,,,,,,,,,,,0.9,16,16.9
Saudi Arabia,,,,,,,,,,,,,,,,,,,,,,,,,,,,,,,,,,,,,,,,,,,,,,,,,,,,,,,,,,,,,,,,,,,,,,,,,,,,,,,,,,,,,,,,,,,,,,,,,,,,,,,,,,,,,,,,,,,,,,,,,,,,,,,,,,,,,,,,,,,,,,,,,,,,,,,,,,,,,2.6,9.6,12.2
Senegal,,,,,,,,,,,,,,,,,,,,,,,,,,,,,,,,,,,,,,,,,,,,,,,,,,,,,,,,,,,,,,,,,,,,,,,,,,,,,,,,,,,,,,,,,,,,,,,,,,,,,,,,,,,,,,,,,,,,,,,,,,,,,,,,,,,,,,,,,,,,,,,,,,,,,,,,,,,,,0.1,1.4,1.5
Serbia and Montenegro,,,,,,,,,,,,,,,,,,,,,,,,,,,,,,,,,,,,,,,,,,,,,,,,,,,,,,,,,,,,,,,,,,,,,,,,,,,,,,,,,,,,,,,,,,,,,,,,,,,,,,,,,,,,,,,,,,,,,,,,,,,,,,,,,,,,,,,,,,,,,,,,,,,,,,,,,,,,,11,47.9,58.9
Sierra Leone,,,,,,,,,,,,,,,,,,,,,,,,,,,,,,,,,,,,,,,,,,,,,,,,,,,,,,,,,,,,,,,,,,,,,,,,,,,,,,,,,,,,,,,,,,,,,,,,,,,,,,,,,,,,,,,,,,,,,,,,,,,,,,,,,,,,,,,,,,,,,,,,,,,,,,,,,,,,,0.6,2.4,3
Singapore,,,,,,,,,,,,,,,,,,,,,,,,,,,,,,,,,,,,,,,,11.25,32.4,43.65,9.21,29.76,38.97,10.69,30.84,41.53,12.83,29.98,42.81,11.91,31.4,43.31,12.77,31.88,44.65,10.16,30.45,40.61,10.97,36.45,47.42,13.39,39.2,52.59,12.16,42.78,54.94,12.88,37.62,50.5,16.2,43.76,59.96,12.8,44.32,57.12,14.98,49.2,64.18,16.76,50.87,67.63,17.96,49.61,67.57,15.47,60.07,75.54,17.37,55.16,72.53,18.15,55.89,74.04,17.29,51.17,68.46,17.63,55.28,72.91,17.54,51.12,68.66,18.09,50.42,68.51,18.5,46.22,64.72,17.78,54.99,72.77,16.57,43.41,59.98,18.51,53.68,72.19,15.22,46.73,61.95,14.53,48.11,62.64,14.52,45.74,60.26,16.49,40,56.49,14.69,40.46,55.15,14.23,40.14,54.37,13.68,39.06,52.74,14.3,37,51.3,14.72,37.83,52.55,11.51,37.45,48.96,10.63,33.04,43.67,12.78,30.77,43.55,11.5,30.49,41.99
Slovakia,,,,,,,,,,,,,,,,,,,,,,,,,,,,,,,,,,,,,,,,,,,,,,,,,,,,,,,,,,,,,,,,,,,,,,,,,,,,,,,,,,,,,,,,,,,,,,,,,,,,,,,,,,,,,,,,,,,,,,,,,,,,,,,7.73,65.78,73.51,7.43,65.89,73.32,7.32,62.24,69.56,6.76,66.18,72.94,6.59,62.02,68.61,7.46,61.21,68.67,7.32,62.82,70.14,7.88,59.62,67.5,8.07,61.17,69.24,7.26,56.42,63.68,7.34,52.55,59.89
Slovenia,,,,,,,,,,,,,,,,,,,,,,,,,,,,,,,,,,,,,,,,,,,,,,,,,,,,,,,,,,,,,,,,,,,,,,,,,,,,,,,,,,,,,,,,,,,,,,,,,,,,,,,,,,7.25,58.38,65.63,8.27,57.37,65.64,6.64,56.87,63.51,7.57,60.47,68.04,8.7,57.56,66.26,8.63,63.79,72.42,8.32,58.48,66.8,8.63,60.82,69.45,9.61,63.3,72.91,8.61,61.21,69.82,9.93,62.91,72.84,9.11,58.8,67.91,9.78,55.54,65.32,9.24,55.97,65.21,11.34,54.47,65.81,10.5,52.27,62.77,11.12,51.07,62.19,11.83,48.75,60.58
Solomon Islands,,,,,,,,,,,,,,,,,,,,,,,,,,,,,,,,,,,,,,,,,,,,,,,,,,,,,,,,,,,,,,,,,,,,,,,,,,,,,,,,,,,,,,,,,,,,,,,,,,,,,,,,,,,,,,,,,,,,,,,,,,,,,,,,,,,,,,,,,,,,,,,,,,,,,,,,,,,,,5.2,14.8,20
Somalia,,,,,,,,,,,,,,,,,,,,,,,,,,,,,,,,,,,,,,,,,,,,,,,,,,,,,,,,,,,,,,,,,,,,,,,,,,,,,,,,,,,,,,,,,,,,,,,,,,,,,,,,,,,,,,,,,,,,,,,,,,,,,,,,,,,,,,,,,,,,,,,,,,,,,,,,,,,,,2.1,3.5,5.6
South Africa,,,,,,,,,,,,,,,,,,,,,,,,,,,,,,,,,,,,,,,,,,,,,,,,,,,,,,,,,,,,,,,,,,,,,,,,,,,,,,,,,,,,,,,,,,,,,,,,,,,,,,,,,,,,,,,,,,,,,,,,,,,,,,,,,,8.19,28.35,36.54,8.83,30.58,39.41,8.11,27.72,35.83,8.66,28.25,36.91,8.01,26.49,34.5,8.33,27.15,35.48,7.87,27.93,35.8,7.61,25.25,32.86,7.62,25.75,33.37,7.09,24.88,31.97
South Korea,,,,,,,,,,,,,,,,,,,,,,,,,,,,,,,,,,,,,,,,,,,,,,,,,,,,,,,,,,,,,,,,,,,,,,,,,,,,,,,,,,,,,,,,,,,,,,,,,,,,,,,,,,4.5,17.16,21.66,4.87,19.21,24.08,5,20.39,25.39,5.65,22.85,28.5,5.93,25.23,31.16,6.48,26.51,32.99,6.47,28.68,35.15,8.09,32.76,40.85,8.6,34.74,43.34,9.2,37.84,47.04,9.28,37.72,47,9.44,37.36,46.8,9.87,38.31,48.18,9.09,37.06,46.15,9.5,38.46,47.96,10.17,40.93,51.1,10.08,40.7,50.78,10.37,40.27,50.64
Spain,,,,2.22,7.16,9.38,2.35,9.11,11.46,2.33,9.18,11.51,2.76,10.51,13.27,2.75,12.11,14.86,3.12,13.01,16.13,3.51,13.43,16.94,3.24,13.67,16.91,3.3,14,17.3,3.91,16.64,20.55,3.47,17.08,20.55,3.66,18.55,22.21,3.71,18.38,22.09,3.55,18.74,22.29,3.71,19.56,23.27,3.84,20.25,24.09,4.15,20.67,24.82,3.98,21.94,25.92,3.88,21.72,25.6,4.09,22.24,26.33,4.09,23.26,27.35,3.9,23.97,27.87,3.97,24.94,28.91,4.06,26.22,30.28,4,28.71,32.71,3.63,28.75,32.38,4.01,30.17,34.18,3.85,31.97,35.82,3.82,33.34,37.16,3.84,33.25,37.09,3.79,35.64,39.43,3.63,36.31,39.94,3.85,37.27,41.12,3.42,39.37,42.79,3.62,39.89,43.51,3.57,40.27,43.84,3.68,42.56,46.24,3.42,44.56,47.98,3.42,45.31,48.73,3.46,45.6,49.06,3.71,46.22,49.93,3.63,47.15,50.78,3.63,47.81,51.44,3.8,48.17,51.97,3.93,48.63,52.56,3.91,47,50.91,4.17,46.69,50.86,4.3,47.44,51.74,4.36,47.45,51.81,4.65,46.01,50.66,4.77,46.67,51.44,5.08,45.1,50.18
Sri Lanka,,,,,,,,,,,,,,,,,,,,,,,,,,,,,,,,,,,,,,,,,,,,,,,,,,,,,,,,,,,,,,,,,,,,,,,,,,,,,,,,,,,,,,,,,,,,,,,,,,,,,,,,,,,,,,,,,,,,,,,,,,,,,,,,,,,,,,,,,,,,,,,,,,,,,,,,,,,,,1.6,9.1,10.7
Sudan,,,,,,,,,,,,,,,,,,,,,,,,,,,,,,,,,,,,,,,,,,,,,,,,,,,,,,,,,,,,,,,,,,,,,,,,,,,,,,,,,,,,,,,,,,,,,,,,,,,,,,,,,,,,,,,,,,,,,,,,,,,,,,,,,,,,,,,,,,,,,,,,,,,,,,,,,,,,,0.8,0.9,1.7
Suriname,,,,,,,,,,,,,,,,,,,,,,,,,,,,,,,,,,,,,,,,4.07,,4.07,1.65,,1.65,2.96,,2.96,2.96,,2.96,,,,,,,,,,,,,6.14,,6.14,4.62,,4.62,2.12,,2.12,,,,0.95,,0.95,3.22,,3.22,2.92,,2.92,0.89,,0.89,3.2,,3.2,1.07,,1.07,4.7,,4.7,4.7,,4.7,,,,2.67,,2.67,6.11,,6.11,0.62,,0.62,3.04,,3.04,2.39,,2.39,4.87,,4.87,6.3,,6.3,4.11,,4.11,5.56,,5.56,,,,,,,3.22,,3.22,0.8,,0.8,3.35,,3.35,6.07,,6.07,2.17,,2.17,4.9,,4.9,,,,7.4,13.2,20.6
Sweden,,,,3.64,9,12.64,4.05,8.67,12.72,3.58,9.94,13.52,3.71,10.25,13.96,3.37,11.04,14.41,3.73,11.02,14.75,3.93,11.84,15.77,4.11,13.44,17.55,4.05,13.5,17.55,3.49,14.25,17.74,3.96,15.2,19.16,3.85,15.75,19.6,3.95,15.18,19.13,3.58,16.73,20.31,4.08,17,21.08,3.89,17.37,21.26,4.92,18.3,23.22,4.43,18.19,22.62,4.57,19.84,24.41,4.79,19.73,24.52,5.14,21.67,26.81,5.1,22.49,27.59,5.62,22.65,28.27,5.95,23.51,29.46,6.06,23.86,29.92,5.89,24.18,30.07,6.29,26.02,32.31,6.62,25.21,31.83,6.62,26.12,32.74,7.33,24.52,31.85,8.01,23.63,31.64,7.74,23.54,31.28,7.78,23.57,31.35,8.22,24.4,32.62,8.09,24.42,32.51,8.91,22.63,31.54,9.42,23.61,33.03,9.85,23.87,33.72,9.88,22.56,32.44,9.74,23.65,33.39,10.94,24.14,35.08,11.15,23.46,34.61,10.49,22.3,32.79,11.09,22.96,34.05,12.18,22.4,34.58,12.81,21.5,34.31,12.34,22.23,34.57,12.29,21.16,33.45,12.76,21.62,34.38,13.32,20.9,34.22,14.32,20.63,34.95,14.04,20.27,34.31
Switzerland,,,,3.38,23.61,26.99,2.84,22.6,25.44,3.15,25.06,28.21,3.14,26.02,29.16,2.94,27.28,30.22,3.43,27.02,30.45,3.08,29.16,32.24,3.15,28.36,31.51,3.06,31.61,34.67,3.06,31.89,34.95,3.11,31.92,35.03,2.62,32.94,35.56,3.13,35.76,38.89,3.55,34.84,38.39,3.27,35.66,38.93,3.1,38.59,41.69,3.79,39.81,43.6,2.95,40.04,42.99,3.19,41.4,44.59,3.46,41.07,44.53,3.77,43.14,46.91,4.2,43.25,47.45,4.29,45.39,49.68,3.82,46.17,49.99,4.46,48.6,53.06,4.68,47.86,52.54,4.65,48.89,53.54,4.55,48.78,53.33,4.64,49.48,54.12,5.57,48.04,53.61,5.32,48.62,53.94,6.04,49.3,55.34,6.24,49.83,56.07,5.83,47.12,52.95,6.57,48.49,55.06,6.59,48.15,54.74,6.88,45.09,51.97,6.77,45.49,52.26,7.08,44.21,51.29,7.64,45.01,52.65,7.38,44.41,51.79,8.81,44.07,52.88,9.69,43.11,52.8,9.92,41.63,51.55,9.38,37.26,46.64,8.7,37.4,46.1,8.9,36.73,45.63,9.83,36.86,46.69,10.34,33.63,43.97,10.93,35.42,46.35,10.4,34.71,45.11,10.71,31.85,42.56
Syria,,,,,,,,,,,,,,,,,,,,,,,,,,,,,,,,,,,,,,,,,,,,,,,,,,,,,,,,,,,,,,,,,,,,,,,,,,,,,,,,,,,,,,,,,,,,,,,,,,,,,,,,,,,,,,,,,,,,,,,,,,,,,,,,,,,,,,,,,,,,,,,,,,,,,,,,,,,,,3.4,30.5,33.9
Tajikistan,,,,,,,,,,,,,,,,,,,,,,,,,,,,,,,,,,,,,,,,,,,,,,,,,,,,,,,,,,,,,,,,,,,,,,,,,,,,,,,,,,,,,,,,,,,,,,4.52,17.05,21.57,4.8,16.77,21.57,,,,,,,6.17,17.62,23.79,6.32,19.31,25.63,5.85,20.77,26.62,7.66,20.66,28.32,6.67,21.25,27.92,4.31,14.66,18.97,4.46,15.34,19.8,4.02,15.83,19.85,2.55,11.27,13.82,2.32,9.09,11.41,2.17,6.5,8.67,1.36,6.56,7.92,2.29,6.67,8.96,2.67,7.05,9.72,2.46,7.34,9.8,2.12,4.82,6.94,2.47,5,7.47,2.78,6.48,9.26
Tanzania,,,,,,,,,,,,,,,,,,,,,,,,,,,,,,,,,,,,,,,,,,,,,,,,,,,,,,,,,,,,,,,,,,,,,,,,,,,,,,,,,,,,,,,,,,,,,,,,,,,,,,,,,,,,,,,,,,,,,,,,,,,,,,,,,,,,,,,,,,,,,,,,,,,,,,,,,,,,,0.5,2,2.5
Thailand,,,,,,,,,,,,,,,,,,,,,,0.4,0.94,1.34,0.31,1.01,1.32,0.44,1.17,1.61,0.54,1.16,1.7,0.56,1.13,1.69,0.55,1.59,2.14,0.63,1.89,2.52,0.87,1.8,2.67,0.73,2,2.73,0.77,1.68,2.45,0.81,1.75,2.56,0.78,1.75,2.53,0.84,1.94,2.78,0.88,2.55,3.43,1.04,2.6,3.64,0.96,2.24,3.2,1.36,3.51,4.87,1.68,3.8,5.48,2.07,4.55,6.62,1.44,3.13,4.57,1.59,3.83,5.42,1.4,4.25,5.65,1.84,5.14,6.98,1.91,5.44,7.35,1.77,5.5,7.27,2.01,6.21,8.22,1.89,5.68,7.57,1.81,4.79,6.6,1.51,4.31,5.82,1.73,4.17,5.9,1.82,5.02,6.84,,,,,,,2.12,6.01,8.13,2.27,6.53,8.8,2.23,6.43,8.66,,,,2.55,7.41,9.96,2.87,8.11,10.98,2.72,8.14,10.86,2.79,7.85,10.64,3.3,9.03,12.33,4.05,10.52,14.57,5.19,13.18,18.37,,,,6.18,15.92,22.1
Togo,,,,,,,,,,,,,,,,,,,,,,,,,,,,,,,,,,,,,,,,,,,,,,,,,,,,,,,,,,,,,,,,,,,,,,,,,,,,,,,,,,,,,,,,,,,,,,,,,,,,,,,,,,,,,,,,,,,,,,,,,,,,,,,,,,,,,,,,,,,,,,,,,,,,,,,,,,,,,0.6,2.4,3
Trinidad and Tobago,,,,2.35,2.13,4.48,2.22,3.2,5.42,0.95,2.14,3.09,3.32,4.79,8.11,1.63,5.71,7.34,1.59,5.95,7.54,1.91,5.69,7.6,1.65,8.39,10.04,,,,4.13,9.39,13.52,2.15,6.27,8.42,4.07,14.31,18.38,4.46,10.17,14.63,,,,,,,4.95,12.4,17.35,3.51,11.98,15.49,3.61,6.32,9.93,,,,3.53,13.42,16.95,2.61,14.68,17.29,2.53,11.27,13.8,4.78,9.99,14.77,4.99,13.56,18.55,5.2,15.67,20.87,2.26,10.76,13.02,3.58,11.55,15.13,4.82,11.44,16.26,1.84,11.42,13.26,5.21,11.76,16.97,3.17,9.4,12.57,3.34,15.42,18.76,2.71,15.8,18.51,4.22,15.39,19.61,3.51,14.81,18.32,5.25,17.97,23.22,3.47,19.96,23.43,3.67,21.64,25.31,3.49,15.4,18.89,2.52,13.26,15.78,5.62,13.88,19.5,4.47,18.1,22.57,4.73,15.47,20.2,3.66,13.52,17.18,4.76,13.83,18.59,3.4,16.99,20.39,4.78,14.32,19.1,4.45,16.96,21.41,3.94,16.38,20.32,2.91,14.96,17.87,4.13,16.88,21.01,4.27,14.89,19.16
Tunisia,,,,,,,,,,,,,,,,,,,,,,,,,,,,,,,,,,,,,,,,,,,,,,,,,,,,,,,,,,,,,,,,,,,,,,,,,,,,,,,,,,,,,,,,,,,,,,,,,,,,,,,,,,,,,,,,,,,,,,,,,,,,,,,,,,,,,,,,,,,,,,,,,,,,,,,,,,,,,1.8,27.1,28.9
Turkey,,,,,,,,,,,,,,,,,,,,,,,,,,,,,,,,,,,,,,,,,,,,,,,,,,,,,,,,,,,,,,,,,,,,,,,,,,,,,,,,,,,,,,,,,,,,,,,,,,,,,,,,,,,,,,,,,,,,,,,,,,,,,,,,,,,,,,,,,,,,,,,,,,,,,,,,,,,,,4.9,44.1,49
Turkmenistan,,,,,,,,,,,,,,,,,,,,,,,,,,,,,,,,,,,,,,,,,,,,,,,,,,,,,,,,,,,,,,,,,,,,,,,,,,,,,,,,,,,,,,,,,,,,,,5.6,,5.6,5.27,,5.27,,,,,,,5.48,,5.48,4.13,,4.13,4.92,,4.92,5.6,,5.6,3.82,,3.82,3.46,,3.46,3.48,,3.48,4.15,,4.15,4.93,,4.93,3.38,,3.38,3.68,,3.68,4.63,,4.63,3.27,,3.27,3.03,,3.03,,,,,,,,,,4.1,18.3,22.4
Uganda,,,,,,,,,,,,,,,,,,,,,,,,,,,,,,,,,,,,,,,,,,,,,,,,,,,,,,,,,,,,,,,,,,,,,,,,,,,,,,,,,,,,,,,,,,,,,,,,,,,,,,,,,,,,,,,,,,,,,,,,,,,,,,,,,,,,,,,,,,,,,,,,,,,,,,,,,,,,,2.1,3.3,5.4
Ukraine,,,,,,,,,,,,,,,,,,,,,,,,,,,,,,,,,,,,,,,,,,,,,,,,,,,,,,,,,,,,,,,,,,,,,,,,,,,,,,,,,,,,,,,,,,,,,,6.52,48.87,55.39,6.52,50.2,56.72,,,,,,,6.51,54.49,61,6.79,56.44,63.23,6.94,59.25,66.19,7.16,61.7,68.86,7.28,63.28,70.56,7.35,63.5,70.85,7.38,63.39,70.77,6.91,63.14,70.05,6.77,61.62,68.39,6.49,60.08,66.57,6.46,57.64,64.1,5.88,53.62,59.5,5.9,52.24,58.14,5.84,52.11,57.95,5.85,50.82,56.67,5.68,50.64,56.32,5.3,48.05,53.35,5.02,47.16,52.18
United Arab Emirates,,,,,,,,,,,,,,,,,,,,,,,,,,,,,,,,,,,,,,,,,,,,,,,,,,,,,,,,,,,,,,,,,,,,,,,,,,,,,,,,,,,,,,,,,,,,,,,,,,,,,,,,,,,,,,,,,,,,,,,,,,,,,,,,,,,,,,,,,,,,,,,,,,,,,,,,,,,,,4.8,12.7,17.5
United Kingdom,6.01,38.19,44.2,6.1,40.98,47.08,6.34,43.74,50.08,6.43,46.9,53.33,6.61,50.31,56.92,6.73,52.46,59.19,7.04,55.08,62.12,7.15,57.38,64.53,7.42,58.89,66.31,7.71,61.96,69.67,8.03,63.72,71.75,8.49,65.01,73.5,8.79,66.85,75.64,9.18,68.11,77.29,9.72,69.31,79.03,10.3,70.84,81.14,10.68,71.05,81.73,11.28,72.82,84.1,11.7,72.77,84.47,11.94,73.96,85.9,12.39,73.75,86.14,12.99,73.38,86.37,13.58,74.22,87.8,13.88,74.24,88.12,14.85,74.59,89.44,15.01,72.74,87.75,15.45,73.58,89.03,16.08,72.42,88.5,16.65,72.28,88.93,17.25,71.91,89.16,17.75,70.82,88.57,17.95,69.04,86.99,18.9,67.62,86.52,18.75,68.24,86.99,19.95,66.58,86.53,19.85,65.9,85.75,20.09,63.42,83.51,20.51,61.71,82.22,21.26,60.96,82.22,21.09,58.56,79.65,20.96,57.43,78.39,21.1,56.33,77.43,21.02,54.32,75.34,20.87,51.72,72.59,20.9,49.9,70.8,20.65,47.76,68.41,20.55,45.61,66.16,19.87,43.38,63.25,20.27,42.74,63.01,20.11,40.62,60.73,19.94,39.23,59.17,19.53,38.15,57.68,19.67,37.58,57.25
United States,3.65,17.31,20.96,3.67,18.47,22.14,3.83,19.91,23.74,3.73,21.66,25.39,3.74,22.58,26.32,3.89,24.08,27.97,4.03,25.93,29.96,4.04,27.05,31.09,4.21,27.93,32.14,4.29,29.32,33.61,4.39,30.75,35.14,4.75,32.27,37.02,4.98,33.8,38.78,5.35,34.92,40.27,5.49,36.24,41.73,5.98,37.56,43.54,6.39,39.13,45.52,6.85,40.53,47.38,7.82,43.08,50.9,8.37,43.99,52.36,8.98,45.33,54.31,9.76,46.44,56.2,10.54,48.11,58.65,10.93,48.76,59.69,11.78,49.99,61.77,12.53,50.68,63.21,13.49,51.76,65.25,14.3,52.84,67.14,15.3,53.85,69.15,15.95,54.24,70.19,17.21,55.24,72.45,17.8,55.2,73,18.89,55.88,74.77,19.95,55.53,75.48,20.46,56.08,76.54,21.45,56.03,77.48,21.91,55.83,77.74,22.74,56.33,79.07,23.58,55.88,79.46,24.47,55.58,80.05,25.09,55.95,81.04,25.33,55.28,80.61,26.02,54.22,80.24,26.26,54.07,80.33,26.33,52.74,79.07,26.53,51.66,78.19,26.44,50.56,77,26.49,49.37,75.86,26.57,48.49,75.06,25.77,46.54,72.31,26.24,46.15,72.39,25.94,45.16,71.1,26.15,44.11,70.26
Uruguay,,,,,,,,,,,,,,,,4.14,28.2,32.34,3.14,35.92,39.06,3.31,34.96,38.27,3.8,32.3,36.1,3.48,37.06,40.54,4.18,38.28,42.46,,,,,,,4.26,37.46,41.72,3.44,41.85,45.29,3.51,41.85,45.36,3.25,42.86,46.11,4.06,44.97,49.03,2.87,42.6,45.47,3.59,42.94,46.53,4.04,43.48,47.52,3.52,45.16,48.68,3.71,42.9,46.61,3.6,44.25,47.85,3.1,42.31,45.41,3.71,47.91,51.62,4.06,46.84,50.9,3.97,47.13,51.1,4.1,50.21,54.31,,,,3.38,48.43,51.81,4.04,51.34,55.38,3.93,53.03,56.96,4.54,53.42,57.96,4.01,54.05,58.06,3.69,53.16,56.85,3.98,55.25,59.23,4.43,55.76,60.19,4.31,56.99,61.3,4.98,52.42,57.4,4.15,56.25,60.4,,,,,,,5.27,52.35,57.62,5.03,50,55.03,5.29,56.52,61.81,4.98,49.31,54.29,6.27,50.75,57.02,5.85,49.57,55.42,5.19,46.71,51.9,5.6,48.15,53.75,6.01,47.91,53.92,6.18,46.16,52.34
Uzbekistan,,,,,,,,,,,,,,,,,,,,,,,,,,,,,,,,,,,,,,,,,,,,,,,,,,,,,,,,,,,,,,,,,,,,,,,,,,,,,,,,,,,,,,,,,,,,,,4.68,18.03,22.71,4.97,20.07,25.04,,,,,,,4.89,19.72,24.61,5.08,22.85,27.93,6.03,24.59,30.62,5.52,21.21,26.73,4.84,22.29,27.13,5.39,20.3,25.69,4.77,19.85,24.62,4.86,18.79,23.65,4.78,17.3,22.08,4.12,14.82,18.94,3.9,15.45,19.35,3.66,13.83,17.49,3.65,13.75,17.4,3.83,12.56,16.39,3.26,11.49,14.75,3.26,10.93,14.19,,,,3.12,10.98,14.1
Vanuatu,,,,,,,,,,,,,,,,,,,,,,,,,,,,,,,,,,,,,,,,,,,,,,,,,,,,,,,,,,,,,,,,,,,,,,,,,,,,,,,,,,,,,,,,,,,,,,,,,,,,,,,,,,,,,,,,,,,,,,,,,,,,,,,,,,,,,,,,,,,,,,,,,,,,,,,,,,,,,5.8,12.7,18.5
Venezuela,,,,,,,,,,,,,,,,4.02,9.09,13.11,5.05,9.97,15.02,5.57,8.52,14.09,5.38,10.04,15.42,5.41,9.81,15.22,5.41,9.04,14.45,5.78,9.92,15.7,4.89,11.28,16.17,5.67,10.49,16.16,5.83,12.22,18.05,7.1,13.18,20.28,6.44,13.65,20.09,5.4,11.81,17.21,6.92,12.32,19.24,6.03,12.01,18.04,5.99,14.13,20.12,5.97,14.27,20.24,6.47,14.9,21.37,6.58,11.98,18.56,6.6,14.38,20.98,6.54,15.47,22.01,7.51,14.45,21.96,6.46,16.05,22.51,5.79,14.36,20.15,6.54,15.23,21.77,6.96,14.88,21.84,6.99,15.29,22.28,6.7,15.4,22.1,7.29,16.92,24.21,,,,7.04,15.53,22.57,6.41,15.12,21.53,7.52,17.13,24.65,7.79,17.09,24.88,7.83,15.82,23.65,9.02,18.76,27.78,,,,8.63,18.79,27.42,8.41,17.67,26.08,9.18,18.85,28.03,,,,8.41,17.26,25.67,8.81,18.1,26.91,8.53,17.44,25.97,8.95,17.45,26.4,8.94,16.41,25.35,9.25,17.18,26.43,9.26,16.86,26.12
Vietnam,,,,,,,,,,,,,,,,,,,,,,,,,,,,,,,,,,,,,,,,,,,,,,,,,,,,,,,,,,,,,,,,,,,,,,,,,,,,,,,,,,,,,,,,,,,,,,,,,,,,,,,,,,,,,,,,,,,,,,,,,,,,,,,,,,,,,,,,,,,,,,,,,,,,,,,,,,,,,6.7,27.4,34.1
Yemen,,,,,,,,,,,,,,,,,,,,,,,,,,,,,,,,,,,,,,,,,,,,,,,,,,,,,,,,,,,,,,,,,,,,,,,,,,,,,,,,,,,,,,,,,,,,,,,,,,,,,,,,,,,,,,,,,,,,,,,,,,,,,,,,,,,,,,,,,,,,,,,,,,,,,,,,,,,,,3.4,3.8,7.2
Zambia,,,,,,,,,,,,,,,,,,,,,,,,,,,,,,,,,,,,,,,,,,,,,,,,,,,,,,,,,,,,,,,,,,,,,,,,,,,,,,,,,,,,,,,,,,,,,,,,,,,,,,,,,,,,,,,,,,,,,,,,,,,,,,,,,,,,,,,,,,,,,,,,,,,,,,,,,,,,,0.9,6.3,7.2
Zimbabwe,,,,,,,,,,,,,,,,,,,,,,,,,,,,,,,,,,,,,,,,,,,,,,,,,,,,,,,,,,,,,,,,,,,,,,,,,,,,,,,,,,,,,,,,,,,,,,,,,,,,,,,,,,,,,,,,,,,,,,,,,,,,,,,,,,,,,,,,,,,,,,,,,,,,,,,,,,,,,5.8,12.1,17.9
Grand Total,28.74,147.62,176.36,50.03,231.96,281.99,62.68,298.3,360.98,66.65,364.74,431.39,76.31,411.47,487.78,97.43,570.86,668.29,102.27,610.71,712.98,113,642.31,755.31,107.21,653.8,761.01,120.02,728.7,848.72,144.55,785.12,929.67,146.15,832.42,978.57,148.19,869.63,1017.82,178.28,977.41,1155.69,209.93,1083.38,1293.31,197.78,1113.01,1310.79,218.19,1164.67,1382.86,224.33,1293.53,1517.86,235.36,1385.05,1620.41,242.79,1395.02,1637.81,241.37,1430.4,1671.77,261.32,1420.19,1681.51,274.04,1460.62,1734.66,273.08,1512.67,1785.75,283.75,1525.27,1809.02,305.24,1640.68,1945.92,309.1,1669.6,1978.7,333.68,1748.43,2082.11,325.26,1776.16,2101.42,335.26,1683.4,2018.66,382.84,1930.74,2313.58,455.52,2392.22,2847.74,472.86,2417.67,2890.53,406.01,2010.87,2416.88,429.32,2020.88,2450.2,514.26,2630.3,3144.56,541.54,2737.06,3278.6,560.2,2838.23,3398.43,573.88,2829.73,3403.61,582.62,2820.75,3403.37,571.2,2773.02,3344.22,573.91,2730.6,3304.51,597.23,2764.2,3361.43,615.24,2822.36,3437.6,628.03,2756.34,3384.37,606.7,2745.54,3352.24,631.81,2672.53,3304.34,647.75,2606.98,3254.73,639.26,2513.74,3153,641.2,2534.09,3175.29,658.53,2463.2,3121.73,646.98,2389.54,3036.52,1031.2925,3796.195,4827.4875
