Country,Year,Female,Male
Afghanistan,2002,2.7,11.3
Albania,1987,5.49,35.32
Albania,1988,6.3,37.78
Albania,1989,4.01,32.58
Albania,1992,5.12,27.77
Albania,1993,4.79,25.43
Albania,1994,5.09,21.83
Albania,1995,5.79,33.68
Albania,1996,7.8,35.57
Albania,1997,7.62,35.98
Albania,1998,7.84,34.84
Albania,1999,7.38,34.67
Albania,2000,6.4,31.48
Albania,2001,5.88,27.91
Albania,2002,8.1,29.44
Algeria,2002,2,16.4
Angola,2002,1.3,7
Argentina,1966,5.17,41.07
Argentina,1967,5.56,47.2
Argentina,1968,6.7,48.19
Argentina,1969,6.32,48.67
Argentina,1970,5.94,46.7
Argentina,1977,5.54,43.79
Argentina,1978,5.55,44.01
Argentina,1979,5.28,43.09
Argentina,1980,5.21,42.9
Argentina,1981,5.38,44.55
Argentina,1982,5.51,40.52
Argentina,1983,5.51,42.38
Argentina,1984,5.84,41.26
Argentina,1985,5.35,40.63
Argentina,1986,5.26,39.5
Argentina,1987,5.34,41.39
Argentina,1988,5.88,40.09
Argentina,1989,5.83,39.64
Argentina,1990,5.83,38.03
Argentina,1991,6.26,39.35
Argentina,1992,6.2,38.01
Argentina,1993,6.38,37.77
Argentina,1994,6.42,37.88
Argentina,1995,6.29,36.8
Argentina,1996,6.46,36.97
Argentina,1997,6.5,36
Argentina,1998,7.09,35.99
Argentina,1999,7.05,36.12
Argentina,2000,6.73,34.74
Argentina,2001,6.95,32.92
Argentina,2002,7.08,31.87
Armenia,1981,4.09,33.01
Armenia,1982,4.9,32.88
Armenia,1985,5.56,37.62
Armenia,1986,6.23,36.7
Armenia,1987,5.42,35.42
Armenia,1988,6.04,42.55
Armenia,1989,5.89,40.83
Armenia,1990,6.38,45.98
Armenia,1991,5.66,48.04
Armenia,1992,7.1,44.8
Armenia,1993,6.55,41.34
Armenia,1994,5.75,37.81
Armenia,1995,4.49,39.8
Armenia,1996,4.55,41.01
Armenia,1997,4.83,43.91
Armenia,1998,5.58,41.45
Armenia,1999,5.28,45.09
Armenia,2000,6.39,45.54
Armenia,2001,6.2,46.71
Armenia,2002,5.96,45.62
Australia,1950,2.78,13.83
Australia,1951,2.98,14.91
Australia,1952,2.98,17.29
Australia,1953,3.73,18.27
Australia,1954,2.98,19.13
Australia,1955,2.96,20.7
Australia,1956,3.47,22.12
Australia,1957,3.2,24.06
Australia,1958,3.24,23.91
Australia,1959,3.31,26.27
Australia,1960,3.44,27.19
Australia,1961,3.58,29.81
Australia,1962,3.83,31.77
Australia,1963,3.86,32.78
Australia,1964,4.28,34.74
Australia,1965,4.19,35.1
Australia,1966,4.46,37.4
Australia,1967,5.09,38.72
Australia,1968,5.04,39.97
Australia,1969,4.96,41.26
Australia,1970,6.42,42.12
Australia,1971,6.76,43.61
Australia,1972,6.37,43.99
Australia,1973,7.05,44.92
Australia,1974,6.83,47.21
Australia,1975,7.22,47.37
Australia,1976,7.97,48.5
Australia,1977,9.08,46.96
Australia,1978,9.09,47.16
Australia,1979,9.42,47.38
Australia,1980,9.7,49.45
Australia,1981,9.56,49.09
Australia,1982,10.56,49.15
Australia,1983,11.44,48.59
Australia,1984,11.32,48.56
Australia,1985,11.5,47.98
Australia,1986,11.99,45.99
Australia,1987,11.41,46.27
Australia,1988,12.86,45.68
Australia,1989,13.21,45.55
Australia,1990,12.72,41.64
Australia,1991,13.6,41.18
Australia,1992,12.88,41.17
Australia,1993,13.33,38.96
Australia,1994,13.6,40.36
Australia,1995,13.58,37.4
Australia,1996,13.73,37.2
Australia,1997,13.66,35.21
Australia,1998,13.12,34.87
Australia,1999,13.1,33.19
Australia,2000,13.87,31.76
Australia,2001,13.9,31.29
Australia,2002,14.31,30.4
Austria,1955,5.07,43.01
Austria,1956,6.31,45.84
Austria,1957,6.14,47.55
Austria,1958,6.45,47.69
Austria,1959,6.35,47.51
Austria,1960,5.31,49.86
Austria,1961,5.61,51.26
Austria,1962,6.14,49.25
Austria,1963,5.98,52.01
Austria,1964,5.74,48.87
Austria,1965,5.9,52.46
Austria,1966,6.29,51.25
Austria,1967,6.11,51.51
Austria,1968,6.46,53.14
Austria,1969,6.23,51.51
Austria,1970,5.77,50.46
Austria,1971,6.61,50.05
Austria,1972,6.34,51.47
Austria,1973,6.5,52.2
Austria,1974,6.88,50.77
Austria,1975,6.84,50.8
Austria,1976,6.58,50.42
Austria,1977,6.63,50.73
Austria,1978,6.94,48.69
Austria,1979,7.02,50.59
Austria,1980,7.25,49.91
Austria,1981,7.36,48.43
Austria,1982,8.18,47
Austria,1983,7.87,48.28
Austria,1984,8.83,50.06
Austria,1985,7.94,47.46
Austria,1986,8.16,46.94
Austria,1987,9.14,46.44
Austria,1988,9.35,45.6
Austria,1989,8.55,45.74
Austria,1990,8.72,45.46
Austria,1991,9.64,45.8
Austria,1992,9.35,43.75
Austria,1993,9.58,45.23
Austria,1994,10.23,41.7
Austria,1995,9.61,40.8
Austria,1996,10.43,40.81
Austria,1997,10.81,39.37
Austria,1998,10.75,39.48
Austria,1999,10.87,37.2
Austria,2000,11.54,36.41
Austria,2001,10.67,35.15
Austria,2002,11.77,35.92
Azerbaijan,1981,4.5,35.62
Azerbaijan,1982,5.48,34.63
Azerbaijan,1985,4.41,32.43
Azerbaijan,1986,4.86,36.57
Azerbaijan,1987,5.64,38.51
Azerbaijan,1988,5.51,35.65
Azerbaijan,1989,4.83,32.97
Azerbaijan,1990,4.52,26.42
Azerbaijan,1991,4.87,28.04
Azerbaijan,1992,4.94,29.27
Azerbaijan,1993,4.42,26.13
Azerbaijan,1994,4.62,22.4
Azerbaijan,1995,3.34,21.25
Azerbaijan,1996,3.86,22.2
Azerbaijan,1997,3.87,22.35
Azerbaijan,1998,3.45,20.44
Azerbaijan,1999,3.96,21.34
Azerbaijan,2000,3.83,20.24
Azerbaijan,2001,4.05,21.35
Azerbaijan,2002,4.63,21.83
Bahamas,2002,4.8,19.7
Bahrain,2002,12.4,28.6
Bangladesh,2002,3.3,20.8
Barbados,2002,3,14.4
Belarus,1981,3.79,37.21
Belarus,1982,3.76,40.02
Belarus,1985,4.29,47.85
Belarus,1986,4.29,48.38
Belarus,1987,5.02,51.12
Belarus,1988,4.45,52.3
Belarus,1989,4.57,56.72
Belarus,1990,4.53,56.16
Belarus,1991,5.06,56.72
Belarus,1992,5.1,60.33
Belarus,1993,4.87,61.28
Belarus,1994,4.32,60.51
Belarus,1995,4.32,61.17
Belarus,1997,4.55,60.24
Belarus,1998,4.19,58.64
Belarus,1999,3.64,57.4
Belarus,2000,3.8,56.05
Belarus,2001,3.72,55.51
Belarus,2002,3.67,55.31
Belgium,2002,10.1,69.9
Belgium,1954,,26.63
Belgium,1955,,27.37
Belgium,1956,,30.3
Belgium,1957,,31.1
Belgium,1958,,32.37
Belgium,1959,,34.04
Belgium,1960,,37.91
Belgium,1961,,40.16
Belgium,1962,,42.12
Belgium,1963,,44.66
Belgium,1964,,46.06
Belgium,1965,,50.44
Belgium,1966,,50.56
Belgium,1967,,52.84
Belgium,1968,,54.48
Belgium,1969,,55.24
Belgium,1970,,58.76
Belgium,1971,,64.25
Belgium,1972,,66.43
Belgium,1973,,67.26
Belgium,1974,,66.83
Belgium,1975,,68.67
Belgium,1976,,70.74
Belgium,1977,,75.93
Belgium,1978,,76.88
Belgium,1979,,76
Belgium,1980,,77.9
Belgium,1981,,79.58
Belgium,1982,,78.13
Belgium,1983,,81.77
Belgium,1984,,80.69
Belgium,1985,,82.03
Belgium,1986,,79.52
Belgium,1987,,77.7
Belgium,1988,,77.94
Belgium,1989,,73.13
Belgium,1990,,72.59
Belgium,1991,,71.15
Belgium,1992,,71.97
Belgium,1993,,71.8
Belgium,1994,,69.24
Belgium,1995,,70.44
Belgium,1996,,65.93
Belgium,1997,,66.95
Belize,1964,8.15,10.14
Belize,1965,8.11,5.77
Belize,1966,8.89,8.89
Belize,1969,2.25,11.63
Belize,1971,2.22,
Belize,1972,5.05,13.86
Belize,1973,6.91,5.5
Belize,1975,2.67,2.59
Belize,1977,2.38,7.82
Belize,1980,2.6,
Belize,1982,3.92,7.87
Belize,1983,2.31,3.84
Belize,1984,4.44,15.89
Belize,1986,4.45,7.49
Belize,1987,2.11,12.74
Belize,1989,1.24,8.86
Belize,1990,3.12,9.08
Belize,1993,3.95,14.25
Belize,1994,5.16,10.24
Belize,1996,4.14,13.97
Belize,1997,5.03,17.17
Belize,1998,1.89,18.97
Belize,1999,1.68,19.7
Belize,2000,7.61,11.32
Belize,2001,4.37,17.12
Belize,2002,3.3,19.6
Belize,1968,,8.28
Belize,1970,,8.82
Belize,1976,,5.5
Belize,1978,,18.11
Belize,1979,,1.85
Belize,1991,,3.53
Belize,1995,,16.63
Benin,2002,0.6,2.4
Bhutan,2002,2.2,11
Bolivia,2002,3.1,11.6
Bosnia and Herzegovina,2002,10.5,52.3
Botswana,2002,3,8.5
Brazil,1979,3.63,12.94
Brazil,1980,3.87,13.71
Brazil,1981,3.71,13.81
Brazil,1982,3.86,14.67
Brazil,1983,4.11,15.25
Brazil,1984,4.14,15.4
Brazil,1985,4.3,15.49
Brazil,1986,4.36,16.07
Brazil,1987,4.73,15.99
Brazil,1988,4.86,16.6
Brazil,1989,4.66,16.38
Brazil,1990,4.86,16.45
Brazil,1991,5.09,16.5
Brazil,1992,5.19,16.81
Brazil,1993,5.03,16.56
Brazil,1994,5.33,16.82
Brazil,1995,5.46,16.61
Brazil,1996,5.44,16.43
Brazil,1997,5.7,16.71
Brazil,1998,5.63,16.4
Brazil,1999,5.9,16.23
Brazil,2000,6.09,16.21
Brazil,2001,6.08,16.17
Brazil,2002,6.02,16.12
Brunei,2002,10.8,22.5
Bulgaria,1964,7.81,35.56
Bulgaria,1965,6.71,37.66
Bulgaria,1966,6.61,38.33
Bulgaria,1967,7.12,35.94
Bulgaria,1968,6.57,36.17
Bulgaria,1969,6.38,35.17
Bulgaria,1970,5.98,33.63
Bulgaria,1971,5.75,36.68
Bulgaria,1972,6.48,35.64
Bulgaria,1973,6.42,37.47
Bulgaria,1974,6.21,35.55
Bulgaria,1975,5.72,34.53
Bulgaria,1976,5.93,35.14
Bulgaria,1977,6.3,35.43
Bulgaria,1978,5.46,34.59
Bulgaria,1979,6.34,36.51
Bulgaria,1980,5.69,33.59
Bulgaria,1981,5.7,37.08
Bulgaria,1982,5.27,38.01
Bulgaria,1983,6.34,39.42
Bulgaria,1984,6.71,39.42
Bulgaria,1985,6.94,39.23
Bulgaria,1986,6.45,40.29
Bulgaria,1987,6.58,40.71
Bulgaria,1988,6.26,40.2
Bulgaria,1989,6.11,41.39
Bulgaria,1990,5.84,40.65
Bulgaria,1991,7.03,40.39
Bulgaria,1992,6.3,42.52
Bulgaria,1993,6.74,42.12
Bulgaria,1994,6.58,43.72
Bulgaria,1995,7.17,42.58
Bulgaria,1996,6.83,42.12
Bulgaria,1997,6.15,40.65
Bulgaria,1998,6.42,38.91
Bulgaria,1999,6.84,40
Bulgaria,2000,6.56,37.59
Bulgaria,2001,6.22,38
Bulgaria,2002,6.28,39.73
Burkina Faso,2002,2.1,4.6
Burundi,2002,2.1,3.5
Cambodia,2002,4.5,20.9
Cameroon,2002,0.3,3
Canada,1950,2.86,14.53
Canada,1951,3.28,14.82
Canada,1952,3.55,16.56
Canada,1953,3.35,17.93
Canada,1954,3.35,19.12
Canada,1955,4.18,20.27
Canada,1956,3.56,21.8
Canada,1957,3.45,22.47
Canada,1958,3.4,23.42
Canada,1959,3.58,24.27
Canada,1960,3.52,25.34
Canada,1961,3.91,27.08
Canada,1962,4.52,28.72
Canada,1963,4.28,30.43
Canada,1964,4.59,31.25
Canada,1965,5.03,32.22
Canada,1966,5.18,33.61
Canada,1967,5.64,36.82
Canada,1968,5.81,36.92
Canada,1969,5.95,38.46
Canada,1970,6.3,40.2
Canada,1971,6.49,41.82
Canada,1972,7.85,42.76
Canada,1973,8.23,44.21
Canada,1974,8.9,46.37
Canada,1975,9.32,45.7
Canada,1976,9.52,47.29
Canada,1977,10.8,48.94
Canada,1978,11.49,49.98
Canada,1979,12.55,50.99
Canada,1980,13.07,52.59
Canada,1981,13.89,51.9
Canada,1982,14.92,54.82
Canada,1983,15.25,55.24
Canada,1984,16.84,56.68
Canada,1985,18.13,54.71
Canada,1986,18.24,55.09
Canada,1987,19.23,54.68
Canada,1988,20.05,56.34
Canada,1989,20.07,56.12
Canada,1990,20.51,55.21
Canada,1991,21.98,54.74
Canada,1992,22.12,53.67
Canada,1993,23.3,53.42
Canada,1994,23.5,51.75
Canada,1995,22.77,49.49
Canada,1996,24.57,49.01
Canada,1997,23.33,46.93
Canada,1998,24.86,46.99
Canada,1999,24.88,47.07
Canada,2000,24.67,42.98
Canada,2001,24.4,43.01
Canada,2002,25.05,42.85
Cape Verde,2002,0.6,2.4
Central African Republic,2002,0.7,4.6
Chad,2002,0.7,4.6
Chile,1955,4.18,11.26
Chile,1956,3.77,12.3
Chile,1957,4.25,11
Chile,1958,4.16,10.8
Chile,1959,3.89,12.53
Chile,1960,4.45,12.77
Chile,1961,4.52,12.04
Chile,1962,4.34,12.39
Chile,1963,4.77,13.87
Chile,1964,4.47,13.2
Chile,1965,4.38,13.37
Chile,1966,4.77,14.09
Chile,1967,5.24,15.43
Chile,1968,4.36,16.18
Chile,1969,5.12,17.19
Chile,1970,5.01,16.78
Chile,1971,5.11,17.26
Chile,1972,4.35,17.45
Chile,1973,4.44,19.43
Chile,1974,4.63,17.14
Chile,1975,4.7,18.26
Chile,1976,5.27,19.18
Chile,1977,5.2,20.28
Chile,1978,4.51,19.38
Chile,1979,5.87,19.97
Chile,1980,5.56,21.26
Chile,1981,5.29,20.6
Chile,1982,5.41,22.33
Chile,1983,5.48,22.52
Chile,1984,5.76,21.52
Chile,1985,5.93,22.88
Chile,1986,5.92,21.22
Chile,1987,5.87,20.61
Chile,1988,5.56,20.95
Chile,1989,6.09,20.87
Chile,1990,6.17,21.16
Chile,1991,6.13,23.43
Chile,1992,6.32,22.34
Chile,1993,7.02,21.6
Chile,1994,6.36,20.4
Chile,1995,6.75,21.5
Chile,1996,7.12,21.86
Chile,1997,7.32,19.75
Chile,1998,6.65,20.03
Chile,1999,6.87,19.32
Chile,2000,6.92,19.03
Chile,2001,7.4,19.55
Chile,2002,7.32,18.89
China,2002,16.3,36.7
China,1987,,33.24
China,1988,,32.77
China,1989,,35.81
China,1990,,38.3
China,1991,,36.3
China,1992,,37.36
China,1993,,36.97
China,1994,,37.58
China,1995,,38.83
China,1996,,38.5
China,1997,,39.5
China,1998,,41.2
China,1999,,40.81
China,2000,,41.7
Colombia,1953,2.42,5.33
Colombia,1954,2.4,3.65
Colombia,1955,2.34,3.67
Colombia,1956,2.1,4.56
Colombia,1957,2.26,4.79
Colombia,1958,2.26,3.83
Colombia,1959,2.09,5.11
Colombia,1960,1.9,5.26
Colombia,1961,2.41,4.84
Colombia,1962,2.62,5.58
Colombia,1963,2.39,5.89
Colombia,1964,2.5,6.53
Colombia,1965,2.82,5.83
Colombia,1966,3.09,6.35
Colombia,1967,2.98,7.01
Colombia,1968,2.58,6.68
Colombia,1969,2.58,6.47
Colombia,1972,3.35,7.02
Colombia,1974,3.4,7.53
Colombia,1975,3.54,7.59
Colombia,1976,4.04,8.94
Colombia,1977,4.2,8.61
Colombia,1984,5.14,11.84
Colombia,1985,5.8,12.86
Colombia,1986,5.62,13.22
Colombia,1987,6.12,13.79
Colombia,1988,5.79,13.18
Colombia,1989,6.15,13.5
Colombia,1990,5.87,13.23
Colombia,1991,6.74,13.91
Colombia,1992,6.7,13.5
Colombia,1993,6.57,13.77
Colombia,1994,6.19,13.76
Colombia,1995,6.63,13.81
Colombia,1996,6.97,13.97
Colombia,1997,7.01,13.93
Colombia,1998,6.35,13.24
Colombia,1999,7.16,14.08
Colombia,2001,6.88,14.06
Colombia,2002,7.18,14.41
Comoros,2002,2.1,3.5
Congo,2002,0.5,3.6
Costa Rica,1961,1.99,2.73
Costa Rica,1962,2.19,4.99
Costa Rica,1963,2.94,3.94
Costa Rica,1964,3.83,5.77
Costa Rica,1965,1.72,4.17
Costa Rica,1966,2.34,4.76
Costa Rica,1967,3.14,5.09
Costa Rica,1968,3.54,7.87
Costa Rica,1969,3.36,4.99
Costa Rica,1970,3.32,5.02
Costa Rica,1971,4.02,4.84
Costa Rica,1972,4.03,8.19
Costa Rica,1973,2.4,6.19
Costa Rica,1974,4.72,7.47
Costa Rica,1975,5.06,9.54
Costa Rica,1976,3.75,8.98
Costa Rica,1977,4.31,9.11
Costa Rica,1978,4.46,9.32
Costa Rica,1979,3.77,8.83
Costa Rica,1980,5.1,10.19
Costa Rica,1981,6.05,12.61
Costa Rica,1982,6.19,12.55
Costa Rica,1983,4.28,13.03
Costa Rica,1984,5.19,14.21
Costa Rica,1985,5.39,13
Costa Rica,1986,4.73,10.89
Costa Rica,1987,6.16,12.72
Costa Rica,1988,4.35,14.22
Costa Rica,1989,6.87,12.79
Costa Rica,1990,4.65,13.38
Costa Rica,1991,4.76,11.1
Costa Rica,1992,4.51,12.31
Costa Rica,1993,5.01,13.12
Costa Rica,1994,4.5,12.44
Costa Rica,1995,4.91,11.26
Costa Rica,1996,5.09,13.91
Costa Rica,1997,5.76,12.17
Costa Rica,1998,3.82,10.57
Costa Rica,1999,4.88,12.18
Costa Rica,2000,5.34,11.26
Costa Rica,2001,4.37,11.11
Costa Rica,2002,3.69,9.7
Cote d'Ivoire,2002,1.2,6
Croatia,1985,6.54,61.36
Croatia,1986,8.32,61.16
Croatia,1987,7.83,66.38
Croatia,1988,7.97,68.88
Croatia,1989,8.63,67.04
Croatia,1990,8.51,68.41
Croatia,1991,8.78,66.02
Croatia,1992,8.61,62.2
Croatia,1993,7.31,61.18
Croatia,1994,8.04,59.73
Croatia,1995,7.57,57.07
Croatia,1996,9.01,59.75
Croatia,1997,8.48,61.66
Croatia,1998,9.93,62.57
Croatia,1999,8.8,61.28
Croatia,2000,10.39,58.44
Croatia,2001,9.61,61.9
Croatia,2002,10.21,58.98
Cuba,1964,13.88,34.95
Cuba,1968,12.79,34.62
Cuba,1969,11.58,36.34
Cuba,1970,14.87,38.54
Cuba,1971,13.67,39.17
Cuba,1972,13.93,39.65
Cuba,1973,14.75,40.06
Cuba,1974,13.38,39.06
Cuba,1975,13.22,36.96
Cuba,1976,13.11,39.99
Cuba,1977,13.12,39.53
Cuba,1978,11.36,36.81
Cuba,1979,12.62,38.4
Cuba,1980,12.18,37.08
Cuba,1981,11.83,38.17
Cuba,1982,12.22,37.46
Cuba,1983,13,37.11
Cuba,1984,13.49,38.47
Cuba,1985,13.09,37.18
Cuba,1986,13.39,37.67
Cuba,1987,13.31,37.08
Cuba,1988,13.6,38.33
Cuba,1989,13.71,36.39
Cuba,1990,13.37,36.57
Cuba,1991,13.13,36.59
Cuba,1992,14.24,35.98
Cuba,1993,13.53,33.47
Cuba,1994,12.12,34.66
Cuba,1995,12.75,34.71
Cuba,1996,13.31,35.52
Cuba,1997,13.94,34.36
Cuba,1998,13.74,35.08
Cuba,1999,13.72,33.96
Cuba,2000,14.65,33.71
Cuba,2001,14.62,33.43
Cuba,2002,15.64,35.8
Cyprus,2002,5.3,24.8
Czechia,1986,8.6,80.43
Czechia,1987,9.16,77.85
Czechia,1988,8.72,78.65
Czechia,1989,9.29,75.84
Czechia,1990,9.33,77.83
Czechia,1991,10.49,75.43
Czechia,1992,10.71,75.67
Czechia,1993,10.12,73.28
Czechia,1994,11.23,68.41
Czechia,1995,11.66,70.02
Czechia,1996,11.66,66.19
Czechia,1997,11.31,65.6
Czechia,1998,11.61,61.26
Czechia,1999,12.55,61.74
Czechia,2000,12.53,61.98
Czechia,2001,13.03,58.58
Czechia,2002,12.32,57.02
Czechoslovakia,1953,4.91,28.43
Czechoslovakia,1954,5.31,31.58
Czechoslovakia,1955,5.68,34.97
Czechoslovakia,1956,5.39,36.65
Czechoslovakia,1957,5.5,38.54
Czechoslovakia,1958,5.31,41.06
Czechoslovakia,1959,5.74,44.11
Czechoslovakia,1960,5.1,47.27
Czechoslovakia,1961,5.43,50.48
Czechoslovakia,1962,5.53,52.08
Czechoslovakia,1963,5.52,55.23
Czechoslovakia,1964,6.11,56.64
Czechoslovakia,1965,5.77,57.88
Czechoslovakia,1966,5.66,60.53
Czechoslovakia,1967,5.77,62.11
Czechoslovakia,1968,5.45,59.99
Czechoslovakia,1969,6.24,61.08
Czechoslovakia,1970,5.67,61.8
Czechoslovakia,1971,5.35,63.54
Czechoslovakia,1972,5.49,62.23
Czechoslovakia,1973,5.36,63.52
Czechoslovakia,1974,5.41,65.52
Czechoslovakia,1975,5.58,66.35
Czechoslovakia,1976,5.91,65.76
Czechoslovakia,1977,5.99,67.65
Czechoslovakia,1978,6.96,68.63
Czechoslovakia,1979,6.6,67.55
Czechoslovakia,1980,6.67,70.23
Czechoslovakia,1981,6.75,69.6
Czechoslovakia,1982,6.65,69.95
Czechoslovakia,1983,7.41,71.64
Czechoslovakia,1984,7.58,72.73
Czechoslovakia,1985,7.62,72.65
Czechoslovakia,1986,7.98,74.95
Czechoslovakia,1987,8.34,73.76
Czechoslovakia,1988,7.95,74.68
Czechoslovakia,1989,8.53,73.58
Czechoslovakia,1990,8.49,74.79
Czechoslovakia,1991,9.44,72.66
Democratic Republic of Congo,2002,0.6,4.4
Denmark,1951,3.64,15.82
Denmark,1952,4.25,18.34
Denmark,1953,4.38,18.08
Denmark,1954,4.1,18.64
Denmark,1955,4.61,21.56
Denmark,1956,3.75,23.68
Denmark,1957,5.21,24.69
Denmark,1958,4.45,23.84
Denmark,1959,4.72,28.82
Denmark,1960,5.78,29.27
Denmark,1961,5.37,32.26
Denmark,1962,5.96,31.2
Denmark,1963,6.09,35
Denmark,1964,6.41,35.72
Denmark,1965,6.94,38.26
Denmark,1966,6.59,37.57
Denmark,1967,8.38,39.6
Denmark,1968,7.23,40.71
Denmark,1969,8.26,41.74
Denmark,1970,8.75,40.76
Denmark,1971,9.26,44.27
Denmark,1972,10.24,48.78
Denmark,1973,9.22,45.12
Denmark,1974,9.92,47.2
Denmark,1975,10.83,46.36
Denmark,1976,13.22,46.9
Denmark,1977,11.72,48.11
Denmark,1978,13.13,52.35
Denmark,1979,14.64,52.93
Denmark,1980,14.37,52.84
Denmark,1981,16.34,54.48
Denmark,1982,16.03,54.51
Denmark,1983,19.92,54.66
Denmark,1984,21.09,54.9
Denmark,1985,19.84,55.83
Denmark,1986,19.87,54.55
Denmark,1987,22.93,54.03
Denmark,1988,24.08,52.91
Denmark,1989,21.72,53.82
Denmark,1990,23.84,52.46
Denmark,1991,25.8,48.33
Denmark,1992,24.47,49.02
Denmark,1993,25.38,51.92
Denmark,1994,28.3,49.18
Denmark,1995,28.13,49.72
Denmark,1996,27.61,48.44
Denmark,1997,29.39,46.44
Denmark,1998,27.18,43.19
Denmark,1999,28.17,43.81
Denmark,2000,27.35,44.2
Denmark,2001,28.05,42.15
Denmark,2002,27.8,40.1
Djibouti,2002,2.1,3.5
Dominican Republic,1965,1.26,3.51
Dominican Republic,1966,1.57,2.77
Dominican Republic,1967,2.12,3.9
Dominican Republic,1968,1.97,4.46
Dominican Republic,1969,1.64,3.11
Dominican Republic,1970,0.93,3.7
Dominican Republic,1971,3.02,4.13
Dominican Republic,1972,1.47,4.56
Dominican Republic,1973,1.57,3.57
Dominican Republic,1974,1.75,3.65
Dominican Republic,1975,1.39,3.52
Dominican Republic,1976,1.57,3.9
Dominican Republic,1977,2.82,4.2
Dominican Republic,1978,2.21,3.96
Dominican Republic,1979,1.85,3.84
Dominican Republic,1980,2.27,4.8
Dominican Republic,1981,2.07,5.81
Dominican Republic,1982,2.76,6.06
Dominican Republic,1983,3.38,6.69
Dominican Republic,1984,2.97,6.56
Dominican Republic,1985,1.92,6.47
Dominican Republic,1986,2.77,5.67
Dominican Republic,1987,3.37,6.21
Dominican Republic,1988,3.07,6.27
Dominican Republic,1989,3.65,6.17
Dominican Republic,1990,2.56,6.42
Dominican Republic,1991,3.1,5.25
Dominican Republic,1992,2.84,5.68
Dominican Republic,1994,3.07,5.81
Dominican Republic,1995,2.98,5.21
Dominican Republic,1996,3.3,6.65
Dominican Republic,1997,4.34,6.72
Dominican Republic,1998,4.52,7.38
Dominican Republic,1999,4.5,8.29
Dominican Republic,2000,3.19,7.05
Dominican Republic,2001,4.62,7.19
Dominican Republic,2002,4.0525,6.985
Ecuador,1961,1.84,2.64
Ecuador,1963,1.94,3.49
Ecuador,1964,2.35,2.83
Ecuador,1968,2.01,2.57
Ecuador,1969,2.35,4.13
Ecuador,1970,1.61,3.55
Ecuador,1971,1.75,3.92
Ecuador,1972,1.77,3.86
Ecuador,1973,1.55,3.16
Ecuador,1974,1.58,3.68
Ecuador,1975,1.87,3.36
Ecuador,1977,1.5,3.96
Ecuador,1978,1.43,4.15
Ecuador,1979,2.11,5.48
Ecuador,1980,2.08,5.2
Ecuador,1981,2.51,5.37
Ecuador,1982,2.75,5.98
Ecuador,1983,2.06,6.35
Ecuador,1984,2.76,6.23
Ecuador,1985,2.37,7.39
Ecuador,1986,2.8,6.38
Ecuador,1987,2.55,6.73
Ecuador,1988,2.68,6.52
Ecuador,1989,2.96,6.52
Ecuador,1990,2.66,7.31
Ecuador,1991,2.92,7.25
Ecuador,1992,2.73,7.47
Ecuador,1993,3.15,7.43
Ecuador,1994,3.26,6.28
Ecuador,1995,4.48,7.14
Ecuador,1996,3.79,6.57
Ecuador,1997,3.89,6.98
Ecuador,1998,3.69,7.05
Ecuador,1999,3.83,6.1
Ecuador,2000,3.3,6.53
Ecuador,2001,3.8,6.44
Ecuador,2002,3.52,7.18
Egypt,2002,2.8,8.4
El Salvador,1950,0.68,0.42
El Salvador,1951,0.45,1.82
El Salvador,1952,0.23,0.76
El Salvador,1953,0.93,1.25
El Salvador,1954,1.22,1.36
El Salvador,1955,0.65,0.87
El Salvador,1956,0.54,2.22
El Salvador,1957,0.61,1.74
El Salvador,1958,0.99,1.65
El Salvador,1959,0.84,1.82
El Salvador,1960,0.77,1.44
El Salvador,1961,2.06,2.57
El Salvador,1962,1.11,0.39
El Salvador,1963,0.82,1.31
El Salvador,1964,0.91,1.58
El Salvador,1965,0.83,1.17
El Salvador,1966,1.03,0.83
El Salvador,1967,2.12,1.55
El Salvador,1968,0.85,1.3
El Salvador,1969,1.5,1.34
El Salvador,1970,1.2,1.48
El Salvador,1971,0.92,1.01
El Salvador,1972,1.19,1.65
El Salvador,1973,1.01,2.63
El Salvador,1974,1.46,2.63
El Salvador,1981,1.81,2.06
El Salvador,1982,1.46,2.01
El Salvador,1983,1.4,2.19
El Salvador,1984,1.17,2
El Salvador,1990,1.74,3.75
El Salvador,1991,2.09,2.6
El Salvador,1992,1.74,3
El Salvador,1993,2.17,3.78
El Salvador,1995,1.77,2.43
El Salvador,1996,3.73,4.68
El Salvador,1997,2.96,4.09
El Salvador,1998,2.54,3.95
El Salvador,1999,2.85,3.4
El Salvador,2000,3.72,4.74
El Salvador,2001,3.84,5.54
El Salvador,2002,3.19,5.95
Equatorial Guinea,2002,0.7,4.6
Eritrea,2002,2.1,3.5
Estonia,1981,7.44,60.89
Estonia,1982,5.87,63.58
Estonia,1985,5.88,59.34
Estonia,1986,6.4,60.51
Estonia,1987,7.19,61.73
Estonia,1988,7.69,69.65
Estonia,1989,8.28,67.82
Estonia,1990,7.17,65.05
Estonia,1991,7.99,78.82
Estonia,1992,7.49,70.7
Estonia,1993,7.58,67.6
Estonia,1994,7.04,66.93
Estonia,1995,6.86,70.93
Estonia,1996,7.3,63.57
Estonia,1997,8.84,65.87
Estonia,1998,7.1,65.85
Estonia,1999,7.33,59.57
Estonia,2000,7.1,62.2
Estonia,2001,7.82,59.68
Estonia,2002,7.65,60.51
Eswatini,2002,1.4,9.3
Ethiopia,2002,3.1,2.6
Fiji,2002,1.6,0.4
Finland,1952,4.81,39.72
Finland,1953,3.63,48.49
Finland,1954,4.2,43.84
Finland,1955,4.55,48.1
Finland,1956,3.29,45.12
Finland,1957,4.4,52.52
Finland,1958,4.01,56.49
Finland,1959,4.32,57.09
Finland,1960,2.75,58.56
Finland,1961,3.79,58.78
Finland,1962,3.63,61.43
Finland,1963,4.24,61.99
Finland,1964,3.96,61.91
Finland,1965,3.87,63.55
Finland,1966,3.9,62.31
Finland,1967,4.19,64.07
Finland,1968,4.18,67.02
Finland,1969,3.98,69.76
Finland,1970,3.86,67.12
Finland,1971,4.31,70.21
Finland,1972,4.81,64.51
Finland,1973,3.53,65.83
Finland,1974,4.19,65.21
Finland,1975,4.28,60.79
Finland,1976,5.27,68.74
Finland,1977,5.38,66.17
Finland,1978,5.28,65.94
Finland,1979,5.27,67.23
Finland,1980,6.18,64.89
Finland,1981,5.78,65.29
Finland,1982,5.7,58.56
Finland,1983,5.42,61.49
Finland,1984,6.18,58.15
Finland,1985,6.8,58.08
Finland,1986,6.25,53.13
Finland,1987,6.58,53.53
Finland,1988,6.31,50.84
Finland,1989,6.48,47.61
Finland,1990,6.81,48.56
Finland,1991,6.86,44.45
Finland,1992,7.38,47.25
Finland,1993,6.61,44.38
Finland,1994,6.85,41.07
Finland,1995,7.02,41.3
Finland,1996,7.05,39.4
Finland,1997,7.19,37.67
Finland,1998,8.08,37.42
Finland,1999,6.94,34.49
Finland,2000,7.6,33.48
Finland,2001,8.1,32.83
Finland,2002,8.07,31.41
France,1950,3.09,10.66
France,1952,3.32,13.53
France,1953,3.27,14.37
France,1954,3.35,15.97
France,1955,3.35,16.39
France,1956,3.32,17.27
France,1957,3.51,19.44
France,1958,3.34,19.42
France,1959,3.41,20.71
France,1960,3.37,21.84
France,1961,3.42,23.16
France,1962,3.53,24
France,1963,3.81,25.74
France,1964,3.7,26.42
France,1965,3.67,27.64
France,1966,3.79,29.03
France,1967,3.93,29.53
France,1968,3.54,30.14
France,1969,3.46,31.15
France,1970,3.34,30.96
France,1971,3.46,32.46
France,1972,3.49,34.16
France,1973,3.5,34.66
France,1974,3.58,36.03
France,1975,3.57,37.1
France,1976,3.6,39.3
France,1977,3.62,39.95
France,1978,3.79,41.95
France,1979,3.68,42.27
France,1980,3.82,43.36
France,1981,4.04,44.26
France,1982,4.06,44.21
France,1983,4.26,44.1
France,1984,4.13,44.97
France,1985,4.36,45.79
France,1986,4.48,46.65
France,1987,4.99,47.43
France,1988,5.04,47.98
France,1989,5.18,48.06
France,1990,5.15,47.57
France,1991,5.38,48.38
France,1992,5.4,48.23
France,1993,5.66,47.87
France,1994,5.85,46.49
France,1995,6.26,46.83
France,1996,6.46,46.52
France,1997,6.44,46.02
France,1998,7.13,46.43
France,1999,7.44,45.64
France,2000,7.25,44.61
France,2001,7.54,43.97
France,2002,8.22,43.64
French Polynesia,2002,0.9,16
Gabon,2002,1.7,9.5
Gambia,2002,0.6,4.9
Georgia,2002,6.1,31.6
Germany,1973,4.7,46.91
Germany,1974,4.87,47.41
Germany,1975,5.01,48.31
Germany,1976,5.16,48.66
Germany,1977,5.1,49.08
Germany,1978,5.31,49.96
Germany,1980,5.57,49.66
Germany,1981,5.81,49.61
Germany,1982,6.03,49.67
Germany,1983,6.4,50.06
Germany,1984,6.47,49.59
Germany,1985,6.46,50.04
Germany,1986,6.88,49.02
Germany,1987,7.23,48.81
Germany,1988,7.25,49.24
Germany,1989,7.62,48.72
Germany,1990,7.86,48.35
Germany,1991,8.35,48.44
Germany,1992,8.46,47.86
Germany,1993,8.85,47.9
Germany,1994,9.16,46.33
Germany,1995,9.19,46.61
Germany,1996,9.36,44.85
Germany,1997,9.81,44
Germany,1998,10.14,43.21
Germany,1999,10.2,41.65
Germany,2000,10.72,42.07
Germany,2001,10.78,40.15
Germany,2002,11.13,39.52
Ghana,2002,0.6,2.4
Greece,1961,4.74,24.32
Greece,1962,4.6,28.58
Greece,1963,5.93,28.73
Greece,1964,5.06,29.83
Greece,1965,6.38,31.68
Greece,1966,6.1,30.86
Greece,1967,6.08,32.57
Greece,1968,5.48,32.02
Greece,1969,5.91,32.21
Greece,1970,6.04,31.19
Greece,1971,5,31.84
Greece,1972,5.82,33.34
Greece,1973,6.15,38.56
Greece,1974,6.07,40.57
Greece,1975,6.73,38.98
Greece,1976,6.08,42.2
Greece,1977,7.01,43
Greece,1978,6.89,44.71
Greece,1979,6.85,45.37
Greece,1980,6.04,43.11
Greece,1981,6.02,44.73
Greece,1982,6.4,45.99
Greece,1983,6.23,47.35
Greece,1984,6.33,47.44
Greece,1985,7.16,49.5
Greece,1986,6.48,48.81
Greece,1987,6.29,48.38
Greece,1988,6.99,48.46
Greece,1989,6.68,50.31
Greece,1990,7.34,49.38
Greece,1991,7.1,49.97
Greece,1992,6.97,49.1
Greece,1993,6.75,50.62
Greece,1994,6.98,50.75
Greece,1995,7.18,49.69
Greece,1996,7.1,49.93
Greece,1997,6.93,49.21
Greece,1998,7.28,48.41
Greece,1999,6.73,48.9
Greece,2000,7.4,48.76
Greece,2001,7.1,48.37
Greece,2002,7.27,46.22
Guam,2002,14.2,40.5
Guatemala,1963,1.14,1.53
Guatemala,1964,1.13,2.69
Guatemala,1965,1.63,2.34
Guatemala,1966,0.95,1.71
Guatemala,1967,1.29,1.68
Guatemala,1968,1.51,2.52
Guatemala,1969,0.6,2.76
Guatemala,1970,0.67,1.24
Guatemala,1971,1.52,1.53
Guatemala,1974,1.6,2.66
Guatemala,1975,1.88,2.28
Guatemala,1976,1.6,2.42
Guatemala,1977,1.34,2.11
Guatemala,1978,1.45,1.76
Guatemala,1980,1.16,2.53
Guatemala,1981,1.03,2.3
Guatemala,1984,2.09,0.84
Guatemala,1986,2.15,2.68
Guatemala,1987,2.73,3.06
Guatemala,1988,2.17,2.87
Guatemala,1989,2.73,3.47
Guatemala,1990,2.42,3.81
Guatemala,1991,2.27,4.16
Guatemala,1992,2.62,3.43
Guatemala,1993,3.09,2.98
Guatemala,1994,3.8,4.84
Guatemala,1995,3.69,4.04
Guatemala,1996,2.48,3.28
Guatemala,1997,3.68,6.33
Guatemala,1998,3.21,5.06
Guatemala,1999,4.14,5.76
Guatemala,2000,3.66,6.18
Guatemala,2001,4.09,5.72
Guatemala,2002,4.04,5.7
Guatemala,1979,,0.49
Guinea,2002,1.5,7.5
Guinea-Bissau,2002,0.6,2.4
Guyana,2002,4.8,7.2
Haiti,2002,0.4,10.1
Honduras,2002,5.9,14.7
Hong Kong,1960,11.76,18.92
Hong Kong,1961,10.36,22.25
Hong Kong,1962,11.63,22.9
Hong Kong,1963,12.93,25.48
Hong Kong,1964,13.87,28.51
Hong Kong,1965,15.47,30.85
Hong Kong,1966,17.16,31.16
Hong Kong,1967,18.04,32.82
Hong Kong,1968,17.3,33.82
Hong Kong,1969,19.44,40.35
Hong Kong,1970,18.81,37.85
Hong Kong,1971,20.98,40.12
Hong Kong,1972,19.73,41.79
Hong Kong,1973,20.93,43.87
Hong Kong,1974,20.06,44.07
Hong Kong,1975,22.59,46.51
Hong Kong,1976,24.75,48.53
Hong Kong,1977,23.52,53.35
Hong Kong,1978,23.92,54.54
Hong Kong,1979,23.94,54.87
Hong Kong,1980,22.19,60.4
Hong Kong,1981,22.84,53.45
Hong Kong,1982,25.09,53.86
Hong Kong,1983,21.46,55.48
Hong Kong,1984,23.94,54.56
Hong Kong,1985,24.03,54.46
Hong Kong,1986,25.22,57.17
Hong Kong,1987,24.71,57.4
Hong Kong,1988,23.57,51.48
Hong Kong,1989,22.96,56.83
Hong Kong,1990,23.3,58.06
Hong Kong,1991,22.97,54.62
Hong Kong,1992,24.45,55.31
Hong Kong,1993,23.6,55.48
Hong Kong,1994,21.04,53.96
Hong Kong,1995,19.87,51.54
Hong Kong,1996,19.21,49.24
Hong Kong,1997,18.68,48.8
Hong Kong,1998,19.56,49.11
Hong Kong,1999,18.78,49.37
Hong Kong,2000,18.52,51.14
Hong Kong,2001,18.64,46.98
Hong Kong,2002,18.18,46.38
Hungary,1955,5.31,21.09
Hungary,1956,5.31,22.64
Hungary,1957,5.7,23.5
Hungary,1958,6.14,23.99
Hungary,1959,6.23,27.88
Hungary,1960,6.32,27.34
Hungary,1961,6.68,30.22
Hungary,1962,7.22,30.01
Hungary,1963,7.21,32.23
Hungary,1964,7.57,32.68
Hungary,1965,7.23,36.12
Hungary,1966,7.57,37.58
Hungary,1967,6.99,39.15
Hungary,1968,7.63,40.03
Hungary,1969,7.01,40.86
Hungary,1970,7.63,40.14
Hungary,1971,7.85,43.08
Hungary,1972,7.69,42.35
Hungary,1973,8.68,43.44
Hungary,1974,8.67,47.65
Hungary,1975,8.03,47.25
Hungary,1976,8.96,49.03
Hungary,1977,8.47,50.51
Hungary,1978,9.61,54.69
Hungary,1979,9.29,56.45
Hungary,1980,10.26,57.1
Hungary,1981,9.89,60.91
Hungary,1982,10.94,63.43
Hungary,1983,11.41,64.69
Hungary,1984,11.34,67.33
Hungary,1985,11.62,67.25
Hungary,1986,12.43,73.45
Hungary,1987,13.69,75.63
Hungary,1988,13.84,73.66
Hungary,1989,14.6,74.87
Hungary,1990,15.57,78.95
Hungary,1991,15.92,80.22
Hungary,1992,16.82,83.14
Hungary,1993,18.05,83.6
Hungary,1994,17.42,84.53
Hungary,1995,18.77,82.91
Hungary,1996,20.31,84.75
Hungary,1997,19.72,84.08
Hungary,1998,20.08,84.93
Hungary,1999,20.91,82.96
Hungary,2000,21.38,81.35
Hungary,2001,21.67,80.22
Hungary,2002,22.69,78.66
Iceland,1951,1.01,6.18
Iceland,1952,3.74,
Iceland,1953,2.43,8.49
Iceland,1954,7.42,6.81
Iceland,1956,3.09,9.52
Iceland,1957,6.75,8.63
Iceland,1958,2.1,7.08
Iceland,1959,6.56,12.9
Iceland,1960,13.42,9.58
Iceland,1961,3,9.1
Iceland,1962,2.55,13.35
Iceland,1963,2.88,11.06
Iceland,1964,10.39,14.52
Iceland,1965,5.67,10.65
Iceland,1966,8.89,11.54
Iceland,1967,8.84,21.18
Iceland,1968,7.3,16.08
Iceland,1969,10.84,11.73
Iceland,1970,5.17,17.18
Iceland,1971,11.23,10
Iceland,1972,12.05,19.06
Iceland,1973,9.12,14.06
Iceland,1974,9.68,14.17
Iceland,1975,11.8,19.49
Iceland,1976,9.52,16.02
Iceland,1977,14.12,23.55
Iceland,1978,11.32,20.85
Iceland,1979,16.67,25.69
Iceland,1980,21,15.29
Iceland,1981,22.65,33.64
Iceland,1982,26,29.96
Iceland,1983,20.16,27.48
Iceland,1984,17.32,20.53
Iceland,1985,17.7,32.01
Iceland,1986,20.84,24.41
Iceland,1987,20.59,27.62
Iceland,1988,28.32,30.6
Iceland,1989,23.52,26.57
Iceland,1990,21.87,30.4
Iceland,1991,22.31,35.35
Iceland,1992,29.95,27.38
Iceland,1993,23.79,29.74
Iceland,1994,27.69,22.99
Iceland,1995,21.38,29.19
Iceland,1996,25.84,34.24
Iceland,1997,26.57,36.04
Iceland,1998,23.88,29.35
Iceland,1999,25.15,32.93
Iceland,2000,26.19,26.27
Iceland,2001,23.77,30.45
Iceland,2002,22.95,25.06
Iceland,1955,,9.75
India,2002,1.7,7.9
Indonesia,2002,6.3,18.6
Iran,2002,2.1,6.7
Iraq,2002,6.2,21.1
Ireland,1950,3.12,10.21
Ireland,1951,4.18,12.5
Ireland,1952,4.67,14.46
Ireland,1953,4.7,16.65
Ireland,1954,5.88,18.09
Ireland,1955,5.53,19.13
Ireland,1956,4.74,21.95
Ireland,1957,7.06,22.1
Ireland,1958,5.48,21.66
Ireland,1959,5.12,24.6
Ireland,1960,5.93,26.37
Ireland,1961,5.87,27.89
Ireland,1962,7.74,28.51
Ireland,1963,6.31,27.59
Ireland,1964,6.74,28.62
Ireland,1965,7.76,31.39
Ireland,1966,7.56,34.38
Ireland,1967,8.83,34.41
Ireland,1968,9.73,38.36
Ireland,1969,8.97,36.31
Ireland,1970,10.13,40.38
Ireland,1971,11.44,40.23
Ireland,1972,11.99,39.57
Ireland,1973,11.06,43.06
Ireland,1974,14.31,43.54
Ireland,1975,13.87,44.72
Ireland,1976,13.46,48.34
Ireland,1977,13.26,46.37
Ireland,1978,14.17,46.35
Ireland,1979,15.56,46.66
Ireland,1980,15,44.93
Ireland,1981,16.22,49.81
Ireland,1982,16.54,45.72
Ireland,1983,18.44,50.21
Ireland,1984,18.82,51.93
Ireland,1985,17.53,52.44
Ireland,1986,17.75,51.92
Ireland,1987,16.45,46.78
Ireland,1988,19.31,49.55
Ireland,1989,20.01,47.2
Ireland,1990,18.52,46.57
Ireland,1991,16.87,44.86
Ireland,1992,17.94,45.97
Ireland,1993,17.48,47.26
Ireland,1994,18.63,45.31
Ireland,1995,18.5,43.36
Ireland,1996,16.63,40.01
Ireland,1997,16.07,37.09
Ireland,1998,18.47,39.79
Ireland,1999,16.83,36.67
Ireland,2000,18.85,38.06
Ireland,2001,16.42,35.93
Ireland,2002,16.81,35.14
Israel,1975,7.07,26.18
Israel,1976,7.84,26.2
Israel,1977,8.62,25.61
Israel,1978,8.21,25.37
Israel,1979,8.18,26.13
Israel,1980,8.83,27.21
Israel,1981,8.11,23.28
Israel,1982,7.68,25.23
Israel,1983,7.85,24.09
Israel,1984,7.97,25.17
Israel,1985,7.73,25.92
Israel,1986,8.36,24.44
Israel,1987,8.25,23.5
Israel,1988,7.75,24.06
Israel,1989,8.42,26.48
Israel,1990,8.96,28.3
Israel,1991,8.12,27.04
Israel,1992,8.04,26.03
Israel,1993,9.29,29.51
Israel,1994,8.94,28.7
Israel,1995,9.77,27.34
Israel,1996,7.83,26.8
Israel,1997,8.79,26.61
Israel,1998,7.71,27.37
Israel,1999,8.08,27.23
Israel,2000,9.51,26.8
Israel,2001,8.88,27.07
Israel,2002,9.11,28.12
Italy,1951,2.57,9.45
Italy,1952,2.68,10.77
Italy,1953,2.92,12.05
Italy,1954,2.97,13.96
Italy,1955,3.32,14.7
Italy,1956,3.47,16.68
Italy,1957,3.43,17.77
Italy,1958,3.57,18.47
Italy,1959,3.42,19.78
Italy,1960,4.01,21.65
Italy,1961,4,22.82
Italy,1962,3.93,24.3
Italy,1963,4.22,25.13
Italy,1964,4.38,28.04
Italy,1965,4.42,29.23
Italy,1966,4.73,30.57
Italy,1967,4.54,32.28
Italy,1968,4.57,34.46
Italy,1969,4.71,36.21
Italy,1970,4.64,36.02
Italy,1971,4.55,38.63
Italy,1972,4.92,39.66
Italy,1973,5.15,41.11
Italy,1974,5.22,43.21
Italy,1975,5.37,44.79
Italy,1976,5.64,47.1
Italy,1977,5.87,48.53
Italy,1978,5.64,50.44
Italy,1979,5.95,52.35
Italy,1980,6.07,55.13
Italy,1981,6.26,54.76
Italy,1982,6.32,56.85
Italy,1983,6.62,58.23
Italy,1984,6.81,58.26
Italy,1985,6.89,59.34
Italy,1986,7.29,58.04
Italy,1987,7.19,59.78
Italy,1988,7.31,59.35
Italy,1989,7.33,57.36
Italy,1990,7.27,56.13
Italy,1991,7.23,55.76
Italy,1992,7.82,55.54
Italy,1993,7.68,55.02
Italy,1994,7.77,54.07
Italy,1995,7.87,52.3
Italy,1996,8,51.15
Italy,1997,7.83,50.14
Italy,1998,8.02,49.21
Italy,1999,7.91,48.2
Italy,2000,8.28,46.03
Italy,2001,8.38,45.36
Italy,2002,8.75,44.23
Jamaica,2002,5.5,22.1
Japan,1950,0.95,2.69
Japan,1951,1.1,2.69
Japan,1952,1.36,3.48
Japan,1953,1.41,3.86
Japan,1954,1.84,4.89
Japan,1955,2.12,5.77
Japan,1956,2.52,6.86
Japan,1957,2.68,7.35
Japan,1958,3.26,8.23
Japan,1959,3.33,9.15
Japan,1960,3.52,9.8
Japan,1961,3.95,10.35
Japan,1962,4.13,11.15
Japan,1963,4.2,11.95
Japan,1964,4.39,12.51
Japan,1965,4.66,12.99
Japan,1966,4.94,13.73
Japan,1967,4.91,14.42
Japan,1968,5,14.9
Japan,1969,5.25,15.66
Japan,1970,5.17,15.86
Japan,1971,5.19,16.56
Japan,1972,5.6,17.69
Japan,1973,5.62,18.02
Japan,1974,5.62,18.89
Japan,1975,5.93,19.59
Japan,1976,6.21,20.44
Japan,1977,6.37,21.72
Japan,1978,6.69,22.43
Japan,1979,6.69,23.67
Japan,1980,7.07,24.27
Japan,1981,7.19,25.34
Japan,1982,7.45,25.78
Japan,1983,7.49,26.45
Japan,1984,7.69,27.32
Japan,1985,7.65,27.68
Japan,1986,7.73,27.54
Japan,1987,7.88,28.71
Japan,1988,8.03,29.3
Japan,1989,8.12,30.21
Japan,1990,7.9,30.35
Japan,1991,8.09,30.48
Japan,1992,8.34,30.74
Japan,1993,8.18,30.86
Japan,1994,8.32,31.06
Japan,1995,8.42,31.51
Japan,1996,8.55,31.95
Japan,1997,8.45,31.42
Japan,1998,8.56,31.37
Japan,1999,8.46,31.01
Japan,2000,8.4,30.89
Japan,2001,8.3,30.42
Japan,2002,8.04,30.22
Jordan,2002,3.2,15.3
Kazakhstan,1981,7.9,55.3
Kazakhstan,1982,8.06,52.67
Kazakhstan,1985,8.5,59.51
Kazakhstan,1986,8.81,62.24
Kazakhstan,1987,7.93,63.72
Kazakhstan,1988,9.35,65.08
Kazakhstan,1989,9.48,67.84
Kazakhstan,1990,9.63,70.64
Kazakhstan,1991,9.75,69.87
Kazakhstan,1992,8.97,71.09
Kazakhstan,1993,8.97,70.73
Kazakhstan,1994,8.79,63.97
Kazakhstan,1995,8.56,63.25
Kazakhstan,1996,8.64,59.47
Kazakhstan,1997,8.36,57.33
Kazakhstan,1998,7.93,58.45
Kazakhstan,1999,8.17,54.38
Kazakhstan,2000,7.67,54.61
Kazakhstan,2001,7.47,51.71
Kazakhstan,2002,7.42,52.04
Kenya,2002,2.1,4.1
Kuwait,1972,3.79,15.06
Kuwait,1975,5.25,17.93
Kuwait,1976,3.16,16.83
Kuwait,1977,2.63,24.86
Kuwait,1978,3.21,20.65
Kuwait,1979,7.24,24.6
Kuwait,1980,9.11,25.59
Kuwait,1981,7.58,16.69
Kuwait,1982,8.85,30.2
Kuwait,1983,7,24.54
Kuwait,1984,10.02,26.8
Kuwait,1985,6.49,26.09
Kuwait,1986,7.14,20.44
Kuwait,1987,4.92,18.66
Kuwait,1993,8.01,11.87
Kuwait,1994,5.65,11.79
Kuwait,1995,5.91,20.32
Kuwait,1996,5.55,19.63
Kuwait,1997,9.61,19.29
Kuwait,1998,9.33,15.92
Kuwait,1999,2.79,11.48
Kuwait,2000,5.26,16.99
Kuwait,2001,4.74,9.58
Kuwait,2002,3.08,12.28
Kyrgyzstan,1981,4.3,28.77
Kyrgyzstan,1982,4.04,33.23
Kyrgyzstan,1985,3.5,31.19
Kyrgyzstan,1986,4.54,32.68
Kyrgyzstan,1987,5.24,32.19
Kyrgyzstan,1988,5.68,35.11
Kyrgyzstan,1989,4.73,38.71
Kyrgyzstan,1990,6.07,35.14
Kyrgyzstan,1991,5.41,36.29
Kyrgyzstan,1992,5.66,36.41
Kyrgyzstan,1993,4.21,28.15
Kyrgyzstan,1994,5.01,25.47
Kyrgyzstan,1995,3.76,25.99
Kyrgyzstan,1996,4.02,24.04
Kyrgyzstan,1997,4.65,23.69
Kyrgyzstan,1998,4.27,22.31
Kyrgyzstan,1999,3.55,22.84
Kyrgyzstan,2000,4.78,20.38
Kyrgyzstan,2001,4.55,19.35
Kyrgyzstan,2002,4.08,22.15
Laos,2002,6,16.9
Latvia,1980,5.63,51.86
Latvia,1981,5.66,51.09
Latvia,1982,6.01,57.91
Latvia,1983,5.97,57.73
Latvia,1984,6.28,56.64
Latvia,1985,6.55,58.81
Latvia,1986,7.47,62.83
Latvia,1987,7.15,64.85
Latvia,1988,6.41,66.08
Latvia,1989,7.46,65.43
Latvia,1990,6.84,63.94
Latvia,1991,6.77,70.83
Latvia,1992,6.34,68.1
Latvia,1993,6.64,63.61
Latvia,1994,5.73,67.22
Latvia,1995,6.24,60.97
Latvia,1996,6.42,62.33
Latvia,1997,6.11,57.23
Latvia,1998,6.23,57.97
Latvia,1999,6.11,61.82
Latvia,2000,5.78,55.5
Latvia,2001,6.2,60.26
Latvia,2002,6.04,56.63
Lebanon,2002,4.6,29.1
Lesotho,2002,1.6,11.3
Liberia,2002,0.6,1.6
Libya,2002,2.1,10.1
Lithuania,1981,4.97,52.29
Lithuania,1982,5.34,51.81
Lithuania,1985,5.88,54.2
Lithuania,1986,5.45,56.13
Lithuania,1987,5.12,57.88
Lithuania,1988,5.5,59.83
Lithuania,1989,5.75,59.51
Lithuania,1990,6.06,61.46
Lithuania,1991,6.1,65.03
Lithuania,1992,5.03,62.91
Lithuania,1993,6.26,62.96
Lithuania,1994,5.08,64.79
Lithuania,1995,5.71,63.4
Lithuania,1996,5.21,60.33
Lithuania,1997,5.46,57.9
Lithuania,1998,4.64,60.33
Lithuania,1999,5.84,58.69
Lithuania,2000,4.96,54.13
Lithuania,2001,5.66,55.58
Lithuania,2002,4.71,55.21
Luxembourg,1967,4.69,63.51
Luxembourg,1968,3.41,65.72
Luxembourg,1969,3.81,56.77
Luxembourg,1970,3.49,71.45
Luxembourg,1971,3.95,69.1
Luxembourg,1972,8.14,63.32
Luxembourg,1973,3.61,67.07
Luxembourg,1974,3.72,54.93
Luxembourg,1975,5.11,66.74
Luxembourg,1976,5.45,68.53
Luxembourg,1977,4.56,71.53
Luxembourg,1978,5.56,65.46
Luxembourg,1979,7.01,64.36
Luxembourg,1980,7.77,67.29
Luxembourg,1981,5,71.75
Luxembourg,1982,3.9,72.98
Luxembourg,1983,6.65,70.41
Luxembourg,1984,10.58,67.46
Luxembourg,1985,9.72,66.17
Luxembourg,1986,6.23,72.5
Luxembourg,1987,8.48,70.25
Luxembourg,1988,7.62,72.4
Luxembourg,1989,9.75,63.13
Luxembourg,1990,8.71,61.6
Luxembourg,1991,9.14,55.89
Luxembourg,1992,9.95,62.57
Luxembourg,1993,8.5,63.51
Luxembourg,1994,11.32,51.91
Luxembourg,1995,9.14,58.45
Luxembourg,1996,9.75,54.84
Luxembourg,1997,14.66,54.09
Luxembourg,1998,11.89,53.29
Luxembourg,1999,13.24,46.41
Luxembourg,2000,11.04,48.06
Luxembourg,2001,10.17,41.67
Luxembourg,2002,7.97,44
Madagascar,2002,2.1,3.5
Malawi,2002,0.4,2.4
Malaysia,2002,10.1,27.9
Mali,2002,0.1,2.8
Malta,1965,2.23,38.38
Malta,1967,2.71,30.7
Malta,1968,3.07,38.06
Malta,1969,4.92,40.92
Malta,1970,1.91,35.94
Malta,1971,3.34,44.2
Malta,1972,0.61,25.01
Malta,1973,1.1,29.24
Malta,1974,2.76,30.44
Malta,1975,1.24,47.36
Malta,1976,5.26,38.99
Malta,1977,3.63,31.18
Malta,1978,1.86,41.25
Malta,1979,3.16,40.01
Malta,1980,4.45,39.62
Malta,1981,5.35,41.53
Malta,1982,4.81,39.64
Malta,1983,6.85,40.18
Malta,1984,4.58,39.89
Malta,1985,2.45,47.48
Malta,1986,5.36,47.48
Malta,1987,2.22,47.77
Malta,1988,4.78,35.49
Malta,1989,4.28,45.36
Malta,1990,2.9,40.48
Malta,1991,2.48,44.11
Malta,1992,4.56,43.76
Malta,1993,5.12,42.54
Malta,1994,5.88,40.42
Malta,1995,2.32,43.33
Malta,1996,6.5,49.16
Malta,1997,4.21,38.57
Malta,1998,5.96,32.29
Malta,1999,4.8,38.19
Malta,2000,7.75,35.12
Malta,2001,5.9,40.76
Malta,2002,4.53,41.35
Mauritania,2002,0.6,2.4
Mauritius,1961,1.73,12.15
Mauritius,1962,1.24,9.55
Mauritius,1963,1.68,8.57
Mauritius,1964,2.01,11.82
Mauritius,1965,0.62,4.35
Mauritius,1966,3.26,11.11
Mauritius,1967,2.4,9.39
Mauritius,1968,2.43,16.95
Mauritius,1969,1.01,16.24
Mauritius,1970,4.67,15.71
Mauritius,1971,3.7,11.47
Mauritius,1972,2.63,20.94
Mauritius,1973,3.45,27.53
Mauritius,1974,4.33,10.94
Mauritius,1975,3.36,18.63
Mauritius,1976,2.47,19.57
Mauritius,1977,4.77,11.83
Mauritius,1978,3.38,16.91
Mauritius,1979,5.76,21.52
Mauritius,1980,2.22,22.18
Mauritius,1981,4.7,30.83
Mauritius,1982,3.89,19.84
Mauritius,1983,3.18,15.35
Mauritius,1984,4.39,19.29
Mauritius,1985,4.14,19.94
Mauritius,1986,3.78,17.1
Mauritius,1987,4.08,14.3
Mauritius,1988,6.18,20.29
Mauritius,1989,4.65,18.71
Mauritius,1990,4.21,15.59
Mauritius,1991,4.85,18.74
Mauritius,1992,3.25,17.62
Mauritius,1993,3.42,14.93
Mauritius,1994,4.38,14.8
Mauritius,1995,4.13,17.49
Mauritius,1996,3.48,16.45
Mauritius,1997,3.22,12.7
Mauritius,1998,5.01,16.7
Mauritius,1999,4.34,14.02
Mauritius,2000,4.04,12.86
Mauritius,2001,4.21,19.88
Mauritius,2002,4.95,15.87
Mexico,1955,2.39,3.66
Mexico,1956,2.59,4.28
Mexico,1957,2.88,4.41
Mexico,1958,2.83,5.58
Mexico,1959,3.3,5.54
Mexico,1960,3.21,5.84
Mexico,1961,3.32,5.71
Mexico,1962,3,5.47
Mexico,1963,3.26,5.69
Mexico,1964,3.19,5.98
Mexico,1965,3.35,6.64
Mexico,1966,3.72,6.56
Mexico,1967,3.72,7.55
Mexico,1968,3.58,7.12
Mexico,1969,3.35,6.87
Mexico,1970,3.65,7.45
Mexico,1971,3.81,7.79
Mexico,1972,3.86,7.98
Mexico,1973,3.98,8.29
Mexico,1974,3.6,8.62
Mexico,1975,3.73,9.31
Mexico,1976,4.03,9.65
Mexico,1977,4.22,9.79
Mexico,1978,4.05,10.86
Mexico,1979,4.53,11.81
Mexico,1980,4.49,11.06
Mexico,1981,4.66,12.05
Mexico,1982,4.39,12.41
Mexico,1983,5,12.97
Mexico,1984,5.13,13.34
Mexico,1985,5.35,14.25
Mexico,1986,5.52,14.47
Mexico,1987,5.41,15.03
Mexico,1988,5.43,15.18
Mexico,1989,5.33,15.83
Mexico,1990,5.41,14.77
Mexico,1991,5.4,14.81
Mexico,1992,5.61,15.28
Mexico,1993,5.44,16.02
Mexico,1994,5.71,15.36
Mexico,1995,5.34,14.91
Mexico,1996,5.4,14.22
Mexico,1997,5.67,14.49
Mexico,1998,5.25,13.7
Mexico,1999,5.19,13.62
Mexico,2000,4.97,12.66
Mexico,2001,4.76,12.65
Mexico,2002,4.96,12.5
Moldova,1981,6.02,31.5
Moldova,1982,4.95,33.52
Moldova,1985,6.12,39.7
Moldova,1986,5.89,41.09
Moldova,1987,7.73,42.18
Moldova,1988,6.9,45.36
Moldova,1989,8.19,47.7
Moldova,1990,6.19,45.88
Moldova,1991,6.99,42.57
Moldova,1992,5.07,42.12
Moldova,1993,6.63,41.42
Moldova,1994,6.19,44.01
Moldova,1995,5.59,40.75
Moldova,1996,5.77,41.29
Moldova,1997,6.06,35.03
Moldova,1998,5.25,31.37
Moldova,1999,5.24,28.11
Moldova,2000,4.65,28.11
Moldova,2001,5.4,30.59
Moldova,2002,5.05,28.48
Mongolia,2002,13,27.6
Morocco,2002,1.9,19.6
Mozambique,2002,1.2,1.7
Myanmar,2002,11.8,25.5
Namibia,2002,2.2,5.9
Nepal,2002,2.2,11
Netherlands,1950,3.05,22.92
Netherlands,1951,3.69,25.86
Netherlands,1952,2.8,26.45
Netherlands,1953,3.09,27.61
Netherlands,1954,3.23,30.74
Netherlands,1955,2.79,30.83
Netherlands,1956,3.29,34.27
Netherlands,1957,3.14,35.31
Netherlands,1958,2.96,36.52
Netherlands,1959,3.14,40.22
Netherlands,1960,3.24,41.81
Netherlands,1961,3.66,45.47
Netherlands,1962,3.24,47.6
Netherlands,1963,3.45,50.47
Netherlands,1964,3.46,52.54
Netherlands,1965,3.43,52.85
Netherlands,1966,3.3,56.33
Netherlands,1967,3.67,59.82
Netherlands,1968,3.97,62.09
Netherlands,1969,3.3,62.83
Netherlands,1970,3.69,64.88
Netherlands,1971,3.86,68.02
Netherlands,1972,4.15,67.5
Netherlands,1973,3.81,70.15
Netherlands,1974,4.43,70.4
Netherlands,1975,4.3,72.97
Netherlands,1976,4.6,75.34
Netherlands,1977,5.06,74.28
Netherlands,1978,5.39,77.89
Netherlands,1979,5.41,76
Netherlands,1980,6.13,77.9
Netherlands,1981,6.45,77.85
Netherlands,1982,6.97,78.2
Netherlands,1983,7.14,75.91
Netherlands,1984,8.1,77.18
Netherlands,1985,8.22,76.75
Netherlands,1986,8.78,76.96
Netherlands,1987,8.79,74.82
Netherlands,1988,9.87,74.94
Netherlands,1989,10.46,71.72
Netherlands,1990,10.31,67.3
Netherlands,1991,10.75,67.53
Netherlands,1992,11.73,66.23
Netherlands,1993,12.61,65.15
Netherlands,1994,13.36,62.74
Netherlands,1995,13.82,61.25
Netherlands,1996,13.86,58.83
Netherlands,1997,14.75,57.72
Netherlands,1998,14.95,56.19
Netherlands,1999,15.99,54.37
Netherlands,2000,16.85,50.45
Netherlands,2001,17.04,50.42
Netherlands,2002,18.1,49.33
New Zealand,1950,2.55,16.86
New Zealand,1951,3.22,19.48
New Zealand,1952,3.56,21.99
New Zealand,1953,2.99,21.84
New Zealand,1954,2.56,23.68
New Zealand,1955,3.04,26.49
New Zealand,1956,4.46,26.78
New Zealand,1957,3.39,30.16
New Zealand,1958,4.1,28.74
New Zealand,1959,3.89,29.93
New Zealand,1960,4.63,27.96
New Zealand,1961,5.32,32.24
New Zealand,1962,4.39,34.7
New Zealand,1963,5.59,36.6
New Zealand,1964,5.58,37.55
New Zealand,1965,4.78,37.78
New Zealand,1966,5,41.04
New Zealand,1967,5.91,37.39
New Zealand,1968,6.11,45.11
New Zealand,1969,7.31,46.05
New Zealand,1970,8.99,47
New Zealand,1971,8.06,45.99
New Zealand,1972,9.91,42.33
New Zealand,1973,10.85,45.44
New Zealand,1974,11.21,48.88
New Zealand,1975,10.96,49.66
New Zealand,1976,10.58,51.74
New Zealand,1977,11.81,50.33
New Zealand,1978,12.4,48.49
New Zealand,1979,12.66,49.49
New Zealand,1980,12.74,48.64
New Zealand,1981,14.03,49.44
New Zealand,1982,13.88,46.14
New Zealand,1983,13.54,50.98
New Zealand,1984,13.68,51.01
New Zealand,1985,15.16,45.16
New Zealand,1986,14.17,47.92
New Zealand,1987,17.11,47.38
New Zealand,1988,16.46,44.14
New Zealand,1989,17.61,42.92
New Zealand,1990,17.96,42.19
New Zealand,1991,17.56,40.21
New Zealand,1992,17.13,42.35
New Zealand,1993,17.17,38.93
New Zealand,1994,18.23,38.42
New Zealand,1995,18.6,37.47
New Zealand,1996,17.7,36.93
New Zealand,1997,18.96,35.27
New Zealand,1998,17.94,33.42
New Zealand,1999,19.1,32.8
New Zealand,2000,17.2,31.58
New Zealand,2001,19.16,30.17
New Zealand,2002,18.06,29.74
Nicaragua,1961,0.12,0.49
Nicaragua,1962,0.29,0.51
Nicaragua,1963,0.61,1.41
Nicaragua,1964,0.61,0.9
Nicaragua,1965,0.26,
Nicaragua,1968,0.64,0.26
Nicaragua,1969,2.17,1.37
Nicaragua,1973,0.65,0.5
Nicaragua,1974,0.43,0.52
Nicaragua,1975,1.22,2.12
Nicaragua,1976,0.29,0.28
Nicaragua,1977,0.62,1.36
Nicaragua,1988,1.68,3.62
Nicaragua,1989,1.98,3.5
Nicaragua,1990,1.92,5.47
Nicaragua,1991,2.3,3.43
Nicaragua,1992,1.41,3.42
Nicaragua,1993,1.54,3.83
Nicaragua,1994,1.93,5.09
Nicaragua,1996,3.3,5.1
Nicaragua,1997,2.74,5.55
Nicaragua,1998,1.5,5.41
Nicaragua,1999,2.08,6.1
Nicaragua,2000,3.24,6.33
Nicaragua,2001,2.32,4.6
Nicaragua,2002,2.32,5.52
Nicaragua,1978,,1.2
Niger,2002,0.4,4.6
Nigeria,2002,0.4,1.1
North Korea,2002,10.3,43
North Macedonia,1991,5.13,31.65
North Macedonia,1992,4.72,34.93
North Macedonia,1993,5.21,38.04
North Macedonia,1994,7.16,41.29
North Macedonia,1995,6.01,36.43
North Macedonia,1996,7.04,41.33
North Macedonia,1997,6.6,41.49
North Macedonia,1998,7.01,43.11
North Macedonia,1999,7.38,39.91
North Macedonia,2000,7.64,41.45
North Macedonia,2001,6.94,41.64
North Macedonia,2002,5.48,42.24
Norway,1951,2.55,7.08
Norway,1952,3.1,7.72
Norway,1953,2.32,7.21
Norway,1954,2.22,8.92
Norway,1955,2.78,7.95
Norway,1956,2.3,9.15
Norway,1957,2.55,9.01
Norway,1958,2.21,10.39
Norway,1959,2.86,11.53
Norway,1960,2.58,12.7
Norway,1961,2.5,12.57
Norway,1962,2.61,12.28
Norway,1963,2.56,13.67
Norway,1964,3.05,14.24
Norway,1965,2.19,14.56
Norway,1966,2.63,14.44
Norway,1967,3.33,16.45
Norway,1968,3.45,18.27
Norway,1969,3.87,18.55
Norway,1970,3.5,19.39
Norway,1971,3.86,19.52
Norway,1972,3.79,19.42
Norway,1973,4.33,20.24
Norway,1974,4.04,19.83
Norway,1975,4.56,22.8
Norway,1976,4.56,23.26
Norway,1977,4.89,24.09
Norway,1978,4.8,24.85
Norway,1979,5.33,24.66
Norway,1980,5.84,24.24
Norway,1981,5.76,29.57
Norway,1982,6.97,28.92
Norway,1983,6.67,27.53
Norway,1984,7.81,28.95
Norway,1985,8.5,29.54
Norway,1986,8.83,30.97
Norway,1987,8.63,30.7
Norway,1988,10.29,31.23
Norway,1989,9.99,29.66
Norway,1990,10.58,30.06
Norway,1991,10.98,31.6
Norway,1992,10.71,31.14
Norway,1993,11.07,32.1
Norway,1994,13.52,32.02
Norway,1995,13.05,31.45
Norway,1996,14.46,31.06
Norway,1997,16.39,31.37
Norway,1998,14.21,30.56
Norway,1999,14.06,32.04
Norway,2000,15.88,30.03
Norway,2001,16.62,30.01
Norway,2002,15.8,31.95
Oman,2002,2.2,8.8
Pakistan,2002,2.6,18.6
Panama,1955,0.96,5.55
Panama,1956,1.09,6.04
Panama,1957,1.64,9.06
Panama,1958,1.68,7.05
Panama,1959,2.35,5.27
Panama,1960,2.21,5.82
Panama,1961,2.46,8.81
Panama,1962,2.91,6.65
Panama,1963,1.96,6.91
Panama,1964,0.64,6.43
Panama,1965,2.46,9.61
Panama,1966,1.16,7.92
Panama,1967,1.76,6.91
Panama,1968,0.7,7.12
Panama,1969,1.93,7.02
Panama,1970,1.86,8.85
Panama,1971,2.04,8.42
Panama,1972,1.75,10.82
Panama,1973,3.85,9.6
Panama,1974,2.92,10.65
Panama,1975,3.19,11.24
Panama,1976,2.22,10.54
Panama,1977,3.17,12.24
Panama,1978,2.45,11.43
Panama,1979,3.37,13.92
Panama,1980,4.03,16.07
Panama,1981,2.82,12.38
Panama,1982,4.27,13.87
Panama,1983,3.74,14.22
Panama,1984,4,13.9
Panama,1985,3.72,12.69
Panama,1986,4.24,16.49
Panama,1987,5.29,13.53
Panama,1988,3.2,14.39
Panama,1989,4.33,15.17
Panama,1996,4.45,12.84
Panama,1997,4.16,11.35
Panama,1998,3.86,12.45
Panama,1999,3.47,12.34
Panama,2000,5.01,10.88
Panama,2001,3.69,11.56
Panama,2002,5.13,12.62
Papua New Guinea,2002,1.3,2.1
Paraguay,2002,4.8,19.7
Peru,2002,7.1,11.6
Philippines,2002,12.6,46.6
Poland,1959,3.12,14.61
Poland,1960,3.28,17.49
Poland,1961,3.85,18.87
Poland,1962,3.96,20.81
Poland,1963,3.94,23.52
Poland,1964,4.14,26.36
Poland,1965,4.44,27.8
Poland,1966,4.5,30.08
Poland,1967,4.59,31.85
Poland,1968,5.06,34.15
Poland,1969,5.09,34.14
Poland,1970,4.77,35.96
Poland,1971,5.21,39.2
Poland,1972,5.1,39.57
Poland,1973,5.04,42.75
Poland,1974,5.41,43.89
Poland,1975,5.81,45.43
Poland,1976,5.67,48.18
Poland,1977,6.22,48.13
Poland,1978,6.29,50.81
Poland,1979,6.3,52.44
Poland,1980,7.17,55.26
Poland,1981,6.97,57.12
Poland,1982,7.27,57.58
Poland,1983,7.59,61.71
Poland,1984,8.07,63.56
Poland,1985,8.18,65.15
Poland,1986,8.43,66.27
Poland,1987,8.63,66.75
Poland,1988,9.29,68.99
Poland,1989,9.34,69.38
Poland,1990,9.93,71.08
Poland,1991,10.18,72
Poland,1992,9.97,70.32
Poland,1993,10.65,71.98
Poland,1994,10.7,71.3
Poland,1995,11.27,72.2
Poland,1996,11.27,70.35
Poland,1999,11.57,67.69
Poland,2000,12.5,68.06
Poland,2001,12.76,68.63
Poland,2002,13.59,68.73
Portugal,1955,2.15,7.8
Portugal,1956,2.78,6.78
Portugal,1957,2.35,8.14
Portugal,1958,2,7.58
Portugal,1959,2.21,8.37
Portugal,1960,2.18,8.82
Portugal,1961,2.69,9.04
Portugal,1962,2.51,9.71
Portugal,1963,2.49,10.3
Portugal,1964,2.47,10.29
Portugal,1965,2.07,10.93
Portugal,1966,3.11,12.63
Portugal,1967,2.72,11.16
Portugal,1968,2.41,13
Portugal,1969,3.05,13.22
Portugal,1970,2.95,14.06
Portugal,1971,3.3,15.1
Portugal,1972,3.07,14.49
Portugal,1973,3.12,15.21
Portugal,1974,3.5,14.73
Portugal,1975,3.59,16.67
Portugal,1976,3.43,16.99
Portugal,1977,3.45,17.06
Portugal,1978,3.22,19.31
Portugal,1979,3.54,20.11
Portugal,1980,3.76,21.2
Portugal,1981,4.03,20.28
Portugal,1982,4.3,21.25
Portugal,1983,3.79,21.76
Portugal,1984,3.61,22.47
Portugal,1985,3.91,24.46
Portugal,1986,4.15,24.56
Portugal,1987,3.94,25.99
Portugal,1988,4.09,24.68
Portugal,1989,4.23,24.17
Portugal,1990,4.32,26.25
Portugal,1991,4.64,25.8
Portugal,1992,4.28,25.78
Portugal,1993,4.66,29.09
Portugal,1994,4.52,27.83
Portugal,1995,4.69,27.8
Portugal,1996,4.12,29
Portugal,1997,4.45,28.31
Portugal,1998,4.64,29.64
Portugal,1999,4.7,27.54
Portugal,2000,5.08,28.43
Portugal,2001,4.42,28.36
Portugal,2002,5.35,28.87
Puerto Rico,2002,7.1,19.1
Qatar,2002,4.2,18.5
Romania,1959,4.5,18.21
Romania,1960,4.73,19.19
Romania,1961,5.7,23.51
Romania,1962,5.43,24.56
Romania,1963,5.62,25.47
Romania,1964,5.67,26.21
Romania,1965,5.2,27.34
Romania,1966,5.17,26.72
Romania,1967,5.24,24.93
Romania,1968,5.1,25.43
Romania,1969,5.52,27.46
Romania,1970,5.54,27.3
Romania,1971,5.31,28.37
Romania,1972,5.46,28.38
Romania,1973,5.43,28.56
Romania,1974,5.43,29.13
Romania,1975,5.5,29.72
Romania,1976,5.81,30.97
Romania,1977,5.77,30.98
Romania,1978,5.85,32.08
Romania,1980,6.56,33.15
Romania,1981,5.92,32.51
Romania,1982,5.77,32.95
Romania,1983,5.89,33.28
Romania,1984,5.79,34.13
Romania,1985,5.92,35.72
Romania,1986,6.09,37.79
Romania,1987,6.14,37.78
Romania,1988,6.13,39.62
Romania,1989,6.35,38.8
Romania,1990,6.59,38.27
Romania,1991,6.38,39.72
Romania,1992,6.25,42.28
Romania,1993,7.3,43.02
Romania,1994,7.08,44.6
Romania,1995,7.25,45.17
Romania,1996,7.21,44.39
Romania,1997,7.48,45.05
Romania,1998,7.56,45.59
Romania,1999,7.48,44.13
Romania,2000,7.92,46.87
Romania,2001,7.93,47.26
Romania,2002,7.81,47.02
Russia,1980,6.53,59.61
Russia,1981,6.48,60.52
Russia,1982,6.55,62.24
Russia,1983,6.87,64.17
Russia,1984,6.79,64.85
Russia,1985,6.89,66.26
Russia,1986,7.09,68.48
Russia,1987,7.2,69.37
Russia,1988,7.34,71.39
Russia,1989,7.35,72.31
Russia,1990,7.37,72.73
Russia,1991,7.2,73.02
Russia,1992,7.31,73.21
Russia,1993,7.32,73.88
Russia,1994,7.21,72.27
Russia,1995,6.75,68.58
Russia,1996,6.41,64.72
Russia,1997,6.46,63.97
Russia,1998,6.23,62.79
Russia,1999,5.98,61.75
Russia,2000,5.91,60.44
Russia,2001,5.91,57.57
Russia,2002,5.77,56.75
Rwanda,2002,0.9,1.7
Samoa,2002,0.9,16
Saudi Arabia,2002,2.6,9.6
Senegal,2002,0.1,1.4
Serbia and Montenegro,2002,11,47.9
Sierra Leone,2002,0.6,2.4
Singapore,1963,11.25,32.4
Singapore,1964,9.21,29.76
Singapore,1965,10.69,30.84
Singapore,1966,12.83,29.98
Singapore,1967,11.91,31.4
Singapore,1968,12.77,31.88
Singapore,1969,10.16,30.45
Singapore,1970,10.97,36.45
Singapore,1971,13.39,39.2
Singapore,1972,12.16,42.78
Singapore,1973,12.88,37.62
Singapore,1974,16.2,43.76
Singapore,1975,12.8,44.32
Singapore,1976,14.98,49.2
Singapore,1977,16.76,50.87
Singapore,1978,17.96,49.61
Singapore,1979,15.47,60.07
Singapore,1980,17.37,55.16
Singapore,1981,18.15,55.89
Singapore,1982,17.29,51.17
Singapore,1983,17.63,55.28
Singapore,1984,17.54,51.12
Singapore,1985,18.09,50.42
Singapore,1986,18.5,46.22
Singapore,1987,17.78,54.99
Singapore,1988,16.57,43.41
Singapore,1989,18.51,53.68
Singapore,1990,15.22,46.73
Singapore,1991,14.53,48.11
Singapore,1992,14.52,45.74
Singapore,1993,16.49,40
Singapore,1994,14.69,40.46
Singapore,1995,14.23,40.14
Singapore,1996,13.68,39.06
Singapore,1997,14.3,37
Singapore,1998,14.72,37.83
Singapore,1999,11.51,37.45
Singapore,2000,10.63,33.04
Singapore,2001,12.78,30.77
Singapore,2002,11.5,30.49
Slovakia,1992,7.73,65.78
Slovakia,1993,7.43,65.89
Slovakia,1994,7.32,62.24
Slovakia,1995,6.76,66.18
Slovakia,1996,6.59,62.02
Slovakia,1997,7.46,61.21
Slovakia,1998,7.32,62.82
Slovakia,1999,7.88,59.62
Slovakia,2000,8.07,61.17
Slovakia,2001,7.26,56.42
Slovakia,2002,7.34,52.55
Slovenia,1985,7.25,58.38
Slovenia,1986,8.27,57.37
Slovenia,1987,6.64,56.87
Slovenia,1988,7.57,60.47
Slovenia,1989,8.7,57.56
Slovenia,1990,8.63,63.79
Slovenia,1991,8.32,58.48
Slovenia,1992,8.63,60.82
Slovenia,1993,9.61,63.3
Slovenia,1994,8.61,61.21
Slovenia,1995,9.93,62.91
Slovenia,1996,9.11,58.8
Slovenia,1997,9.78,55.54
Slovenia,1998,9.24,55.97
Slovenia,1999,11.34,54.47
Slovenia,2000,10.5,52.27
Slovenia,2001,11.12,51.07
Slovenia,2002,11.83,48.75
Solomon Islands,2002,5.2,14.8
Somalia,2002,2.1,3.5
South Africa,1993,8.19,28.35
South Africa,1994,8.83,30.58
South Africa,1995,8.11,27.72
South Africa,1996,8.66,28.25
South Africa,1997,8.01,26.49
South Africa,1998,8.33,27.15
South Africa,1999,7.87,27.93
South Africa,2000,7.61,25.25
South Africa,2001,7.62,25.75
South Africa,2002,7.09,24.88
South Korea,1985,4.5,17.16
South Korea,1986,4.87,19.21
South Korea,1987,5,20.39
South Korea,1988,5.65,22.85
South Korea,1989,5.93,25.23
South Korea,1990,6.48,26.51
South Korea,1991,6.47,28.68
South Korea,1992,8.09,32.76
South Korea,1993,8.6,34.74
South Korea,1994,9.2,37.84
South Korea,1995,9.28,37.72
South Korea,1996,9.44,37.36
South Korea,1997,9.87,38.31
South Korea,1998,9.09,37.06
South Korea,1999,9.5,38.46
South Korea,2000,10.17,40.93
South Korea,2001,10.08,40.7
South Korea,2002,10.37,40.27
Spain,1951,2.22,7.16
Spain,1952,2.35,9.11
Spain,1953,2.33,9.18
Spain,1954,2.76,10.51
Spain,1955,2.75,12.11
Spain,1956,3.12,13.01
Spain,1957,3.51,13.43
Spain,1958,3.24,13.67
Spain,1959,3.3,14
Spain,1960,3.91,16.64
Spain,1961,3.47,17.08
Spain,1962,3.66,18.55
Spain,1963,3.71,18.38
Spain,1964,3.55,18.74
Spain,1965,3.71,19.56
Spain,1966,3.84,20.25
Spain,1967,4.15,20.67
Spain,1968,3.98,21.94
Spain,1969,3.88,21.72
Spain,1970,4.09,22.24
Spain,1971,4.09,23.26
Spain,1972,3.9,23.97
Spain,1973,3.97,24.94
Spain,1974,4.06,26.22
Spain,1975,4,28.71
Spain,1976,3.63,28.75
Spain,1977,4.01,30.17
Spain,1978,3.85,31.97
Spain,1979,3.82,33.34
Spain,1980,3.84,33.25
Spain,1981,3.79,35.64
Spain,1982,3.63,36.31
Spain,1983,3.85,37.27
Spain,1984,3.42,39.37
Spain,1985,3.62,39.89
Spain,1986,3.57,40.27
Spain,1987,3.68,42.56
Spain,1988,3.42,44.56
Spain,1989,3.42,45.31
Spain,1990,3.46,45.6
Spain,1991,3.71,46.22
Spain,1992,3.63,47.15
Spain,1993,3.63,47.81
Spain,1994,3.8,48.17
Spain,1995,3.93,48.63
Spain,1996,3.91,47
Spain,1997,4.17,46.69
Spain,1998,4.3,47.44
Spain,1999,4.36,47.45
Spain,2000,4.65,46.01
Spain,2001,4.77,46.67
Spain,2002,5.08,45.1
Sri Lanka,2002,1.6,9.1
Sudan,2002,0.8,0.9
Suriname,1963,4.07,
Suriname,1964,1.65,
Suriname,1965,2.96,
Suriname,1966,2.96,
Suriname,1971,6.14,
Suriname,1972,4.62,
Suriname,1973,2.12,
Suriname,1975,0.95,
Suriname,1976,3.22,
Suriname,1977,2.92,
Suriname,1978,0.89,
Suriname,1979,3.2,
Suriname,1980,1.07,
Suriname,1981,4.7,
Suriname,1982,4.7,
Suriname,1984,2.67,
Suriname,1985,6.11,
Suriname,1986,0.62,
Suriname,1987,3.04,
Suriname,1988,2.39,
Suriname,1989,4.87,
Suriname,1990,6.3,
Suriname,1991,4.11,
Suriname,1992,5.56,
Suriname,1995,3.22,
Suriname,1996,0.8,
Suriname,1997,3.35,
Suriname,1998,6.07,
Suriname,1999,2.17,
Suriname,2000,4.9,
Suriname,2002,7.4,13.2
Sweden,1951,3.64,9
Sweden,1952,4.05,8.67
Sweden,1953,3.58,9.94
Sweden,1954,3.71,10.25
Sweden,1955,3.37,11.04
Sweden,1956,3.73,11.02
Sweden,1957,3.93,11.84
Sweden,1958,4.11,13.44
Sweden,1959,4.05,13.5
Sweden,1960,3.49,14.25
Sweden,1961,3.96,15.2
Sweden,1962,3.85,15.75
Sweden,1963,3.95,15.18
Sweden,1964,3.58,16.73
Sweden,1965,4.08,17
Sweden,1966,3.89,17.37
Sweden,1967,4.92,18.3
Sweden,1968,4.43,18.19
Sweden,1969,4.57,19.84
Sweden,1970,4.79,19.73
Sweden,1971,5.14,21.67
Sweden,1972,5.1,22.49
Sweden,1973,5.62,22.65
Sweden,1974,5.95,23.51
Sweden,1975,6.06,23.86
Sweden,1976,5.89,24.18
Sweden,1977,6.29,26.02
Sweden,1978,6.62,25.21
Sweden,1979,6.62,26.12
Sweden,1980,7.33,24.52
Sweden,1981,8.01,23.63
Sweden,1982,7.74,23.54
Sweden,1983,7.78,23.57
Sweden,1984,8.22,24.4
Sweden,1985,8.09,24.42
Sweden,1986,8.91,22.63
Sweden,1987,9.42,23.61
Sweden,1988,9.85,23.87
Sweden,1989,9.88,22.56
Sweden,1990,9.74,23.65
Sweden,1991,10.94,24.14
Sweden,1992,11.15,23.46
Sweden,1993,10.49,22.3
Sweden,1994,11.09,22.96
Sweden,1995,12.18,22.4
Sweden,1996,12.81,21.5
Sweden,1997,12.34,22.23
Sweden,1998,12.29,21.16
Sweden,1999,12.76,21.62
Sweden,2000,13.32,20.9
Sweden,2001,14.32,20.63
Sweden,2002,14.04,20.27
Switzerland,1951,3.38,23.61
Switzerland,1952,2.84,22.6
Switzerland,1953,3.15,25.06
Switzerland,1954,3.14,26.02
Switzerland,1955,2.94,27.28
Switzerland,1956,3.43,27.02
Switzerland,1957,3.08,29.16
Switzerland,1958,3.15,28.36
Switzerland,1959,3.06,31.61
Switzerland,1960,3.06,31.89
Switzerland,1961,3.11,31.92
Switzerland,1962,2.62,32.94
Switzerland,1963,3.13,35.76
Switzerland,1964,3.55,34.84
Switzerland,1965,3.27,35.66
Switzerland,1966,3.1,38.59
Switzerland,1967,3.79,39.81
Switzerland,1968,2.95,40.04
Switzerland,1969,3.19,41.4
Switzerland,1970,3.46,41.07
Switzerland,1971,3.77,43.14
Switzerland,1972,4.2,43.25
Switzerland,1973,4.29,45.39
Switzerland,1974,3.82,46.17
Switzerland,1975,4.46,48.6
Switzerland,1976,4.68,47.86
Switzerland,1977,4.65,48.89
Switzerland,1978,4.55,48.78
Switzerland,1979,4.64,49.48
Switzerland,1980,5.57,48.04
Switzerland,1981,5.32,48.62
Switzerland,1982,6.04,49.3
Switzerland,1983,6.24,49.83
Switzerland,1984,5.83,47.12
Switzerland,1985,6.57,48.49
Switzerland,1986,6.59,48.15
Switzerland,1987,6.88,45.09
Switzerland,1988,6.77,45.49
Switzerland,1989,7.08,44.21
Switzerland,1990,7.64,45.01
Switzerland,1991,7.38,44.41
Switzerland,1992,8.81,44.07
Switzerland,1993,9.69,43.11
Switzerland,1994,9.92,41.63
Switzerland,1995,9.38,37.26
Switzerland,1996,8.7,37.4
Switzerland,1997,8.9,36.73
Switzerland,1998,9.83,36.86
Switzerland,1999,10.34,33.63
Switzerland,2000,10.93,35.42
Switzerland,2001,10.4,34.71
Switzerland,2002,10.71,31.85
Syria,2002,3.4,30.5
Tajikistan,1981,4.52,17.05
Tajikistan,1982,4.8,16.77
Tajikistan,1985,6.17,17.62
Tajikistan,1986,6.32,19.31
Tajikistan,1987,5.85,20.77
Tajikistan,1988,7.66,20.66
Tajikistan,1989,6.67,21.25
Tajikistan,1990,4.31,14.66
Tajikistan,1991,4.46,15.34
Tajikistan,1992,4.02,15.83
Tajikistan,1993,2.55,11.27
Tajikistan,1994,2.32,9.09
Tajikistan,1995,2.17,6.5
Tajikistan,1996,1.36,6.56
Tajikistan,1997,2.29,6.67
Tajikistan,1998,2.67,7.05
Tajikistan,1999,2.46,7.34
Tajikistan,2000,2.12,4.82
Tajikistan,2001,2.47,5
Tajikistan,2002,2.78,6.48
Tanzania,2002,0.5,2
Thailand,1957,0.4,0.94
Thailand,1958,0.31,1.01
Thailand,1959,0.44,1.17
Thailand,1960,0.54,1.16
Thailand,1961,0.56,1.13
Thailand,1962,0.55,1.59
Thailand,1963,0.63,1.89
Thailand,1964,0.87,1.8
Thailand,1965,0.73,2
Thailand,1966,0.77,1.68
Thailand,1967,0.81,1.75
Thailand,1968,0.78,1.75
Thailand,1969,0.84,1.94
Thailand,1970,0.88,2.55
Thailand,1971,1.04,2.6
Thailand,1972,0.96,2.24
Thailand,1973,1.36,3.51
Thailand,1974,1.68,3.8
Thailand,1975,2.07,4.55
Thailand,1976,1.44,3.13
Thailand,1977,1.59,3.83
Thailand,1978,1.4,4.25
Thailand,1979,1.84,5.14
Thailand,1980,1.91,5.44
Thailand,1981,1.77,5.5
Thailand,1982,2.01,6.21
Thailand,1983,1.89,5.68
Thailand,1984,1.81,4.79
Thailand,1985,1.51,4.31
Thailand,1986,1.73,4.17
Thailand,1987,1.82,5.02
Thailand,1990,2.12,6.01
Thailand,1991,2.27,6.53
Thailand,1992,2.23,6.43
Thailand,1994,2.55,7.41
Thailand,1995,2.87,8.11
Thailand,1996,2.72,8.14
Thailand,1997,2.79,7.85
Thailand,1998,3.3,9.03
Thailand,1999,4.05,10.52
Thailand,2000,5.19,13.18
Thailand,2002,6.18,15.92
Togo,2002,0.6,2.4
Trinidad and Tobago,1951,2.35,2.13
Trinidad and Tobago,1952,2.22,3.2
Trinidad and Tobago,1953,0.95,2.14
Trinidad and Tobago,1954,3.32,4.79
Trinidad and Tobago,1955,1.63,5.71
Trinidad and Tobago,1956,1.59,5.95
Trinidad and Tobago,1957,1.91,5.69
Trinidad and Tobago,1958,1.65,8.39
Trinidad and Tobago,1960,4.13,9.39
Trinidad and Tobago,1961,2.15,6.27
Trinidad and Tobago,1962,4.07,14.31
Trinidad and Tobago,1963,4.46,10.17
Trinidad and Tobago,1966,4.95,12.4
Trinidad and Tobago,1967,3.51,11.98
Trinidad and Tobago,1968,3.61,6.32
Trinidad and Tobago,1970,3.53,13.42
Trinidad and Tobago,1971,2.61,14.68
Trinidad and Tobago,1972,2.53,11.27
Trinidad and Tobago,1973,4.78,9.99
Trinidad and Tobago,1974,4.99,13.56
Trinidad and Tobago,1975,5.2,15.67
Trinidad and Tobago,1976,2.26,10.76
Trinidad and Tobago,1977,3.58,11.55
Trinidad and Tobago,1978,4.82,11.44
Trinidad and Tobago,1979,1.84,11.42
Trinidad and Tobago,1980,5.21,11.76
Trinidad and Tobago,1981,3.17,9.4
Trinidad and Tobago,1982,3.34,15.42
Trinidad and Tobago,1983,2.71,15.8
Trinidad and Tobago,1984,4.22,15.39
Trinidad and Tobago,1985,3.51,14.81
Trinidad and Tobago,1986,5.25,17.97
Trinidad and Tobago,1987,3.47,19.96
Trinidad and Tobago,1988,3.67,21.64
Trinidad and Tobago,1989,3.49,15.4
Trinidad and Tobago,1990,2.52,13.26
Trinidad and Tobago,1991,5.62,13.88
Trinidad and Tobago,1992,4.47,18.1
Trinidad and Tobago,1993,4.73,15.47
Trinidad and Tobago,1994,3.66,13.52
Trinidad and Tobago,1995,4.76,13.83
Trinidad and Tobago,1996,3.4,16.99
Trinidad and Tobago,1997,4.78,14.32
Trinidad and Tobago,1998,4.45,16.96
Trinidad and Tobago,1999,3.94,16.38
Trinidad and Tobago,2000,2.91,14.96
Trinidad and Tobago,2001,4.13,16.88
Trinidad and Tobago,2002,4.27,14.89
Tunisia,2002,1.8,27.1
Turkey,2002,4.9,44.1
Turkmenistan,1981,5.6,
Turkmenistan,1982,5.27,
Turkmenistan,1985,5.48,
Turkmenistan,1986,4.13,
Turkmenistan,1987,4.92,
Turkmenistan,1988,5.6,
Turkmenistan,1989,3.82,
Turkmenistan,1990,3.46,
Turkmenistan,1991,3.48,
Turkmenistan,1992,4.15,
Turkmenistan,1993,4.93,
Turkmenistan,1994,3.38,
Turkmenistan,1995,3.68,
Turkmenistan,1996,4.63,
Turkmenistan,1997,3.27,
Turkmenistan,1998,3.03,
Turkmenistan,2002,4.1,18.3
Uganda,2002,2.1,3.3
Ukraine,1981,6.52,48.87
Ukraine,1982,6.52,50.2
Ukraine,1985,6.51,54.49
Ukraine,1986,6.79,56.44
Ukraine,1987,6.94,59.25
Ukraine,1988,7.16,61.7
Ukraine,1989,7.28,63.28
Ukraine,1990,7.35,63.5
Ukraine,1991,7.38,63.39
Ukraine,1992,6.91,63.14
Ukraine,1993,6.77,61.62
Ukraine,1994,6.49,60.08
Ukraine,1995,6.46,57.64
Ukraine,1996,5.88,53.62
Ukraine,1997,5.9,52.24
Ukraine,1998,5.84,52.11
Ukraine,1999,5.85,50.82
Ukraine,2000,5.68,50.64
Ukraine,2001,5.3,48.05
Ukraine,2002,5.02,47.16
United Arab Emirates,2002,4.8,12.7
United Kingdom,1950,6.01,38.19
United Kingdom,1951,6.1,40.98
United Kingdom,1952,6.34,43.74
United Kingdom,1953,6.43,46.9
United Kingdom,1954,6.61,50.31
United Kingdom,1955,6.73,52.46
United Kingdom,1956,7.04,55.08
United Kingdom,1957,7.15,57.38
United Kingdom,1958,7.42,58.89
United Kingdom,1959,7.71,61.96
United Kingdom,1960,8.03,63.72
United Kingdom,1961,8.49,65.01
United Kingdom,1962,8.79,66.85
United Kingdom,1963,9.18,68.11
United Kingdom,1964,9.72,69.31
United Kingdom,1965,10.3,70.84
United Kingdom,1966,10.68,71.05
United Kingdom,1967,11.28,72.82
United Kingdom,1968,11.7,72.77
United Kingdom,1969,11.94,73.96
United Kingdom,1970,12.39,73.75
United Kingdom,1971,12.99,73.38
United Kingdom,1972,13.58,74.22
United Kingdom,1973,13.88,74.24
United Kingdom,1974,14.85,74.59
United Kingdom,1975,15.01,72.74
United Kingdom,1976,15.45,73.58
United Kingdom,1977,16.08,72.42
United Kingdom,1978,16.65,72.28
United Kingdom,1979,17.25,71.91
United Kingdom,1980,17.75,70.82
United Kingdom,1981,17.95,69.04
United Kingdom,1982,18.9,67.62
United Kingdom,1983,18.75,68.24
United Kingdom,1984,19.95,66.58
United Kingdom,1985,19.85,65.9
United Kingdom,1986,20.09,63.42
United Kingdom,1987,20.51,61.71
United Kingdom,1988,21.26,60.96
United Kingdom,1989,21.09,58.56
United Kingdom,1990,20.96,57.43
United Kingdom,1991,21.1,56.33
United Kingdom,1992,21.02,54.32
United Kingdom,1993,20.87,51.72
United Kingdom,1994,20.9,49.9
United Kingdom,1995,20.65,47.76
United Kingdom,1996,20.55,45.61
United Kingdom,1997,19.87,43.38
United Kingdom,1998,20.27,42.74
United Kingdom,1999,20.11,40.62
United Kingdom,2000,19.94,39.23
United Kingdom,2001,19.53,38.15
United Kingdom,2002,19.67,37.58
United States,1950,3.65,17.31
United States,1951,3.67,18.47
United States,1952,3.83,19.91
United States,1953,3.73,21.66
United States,1954,3.74,22.58
United States,1955,3.89,24.08
United States,1956,4.03,25.93
United States,1957,4.04,27.05
United States,1958,4.21,27.93
United States,1959,4.29,29.32
United States,1960,4.39,30.75
United States,1961,4.75,32.27
United States,1962,4.98,33.8
United States,1963,5.35,34.92
United States,1964,5.49,36.24
United States,1965,5.98,37.56
United States,1966,6.39,39.13
United States,1967,6.85,40.53
United States,1968,7.82,43.08
United States,1969,8.37,43.99
United States,1970,8.98,45.33
United States,1971,9.76,46.44
United States,1972,10.54,48.11
United States,1973,10.93,48.76
United States,1974,11.78,49.99
United States,1975,12.53,50.68
United States,1976,13.49,51.76
United States,1977,14.3,52.84
United States,1978,15.3,53.85
United States,1979,15.95,54.24
United States,1980,17.21,55.24
United States,1981,17.8,55.2
United States,1982,18.89,55.88
United States,1983,19.95,55.53
United States,1984,20.46,56.08
United States,1985,21.45,56.03
United States,1986,21.91,55.83
United States,1987,22.74,56.33
United States,1988,23.58,55.88
United States,1989,24.47,55.58
United States,1990,25.09,55.95
United States,1991,25.33,55.28
United States,1992,26.02,54.22
United States,1993,26.26,54.07
United States,1994,26.33,52.74
United States,1995,26.53,51.66
United States,1996,26.44,50.56
United States,1997,26.49,49.37
United States,1998,26.57,48.49
United States,1999,25.77,46.54
United States,2000,26.24,46.15
United States,2001,25.94,45.16
United States,2002,26.15,44.11
Uruguay,1955,4.14,28.2
Uruguay,1956,3.14,35.92
Uruguay,1957,3.31,34.96
Uruguay,1958,3.8,32.3
Uruguay,1959,3.48,37.06
Uruguay,1960,4.18,38.28
Uruguay,1963,4.26,37.46
Uruguay,1964,3.44,41.85
Uruguay,1965,3.51,41.85
Uruguay,1966,3.25,42.86
Uruguay,1967,4.06,44.97
Uruguay,1968,2.87,42.6
Uruguay,1969,3.59,42.94
Uruguay,1970,4.04,43.48
Uruguay,1971,3.52,45.16
Uruguay,1972,3.71,42.9
Uruguay,1973,3.6,44.25
Uruguay,1974,3.1,42.31
Uruguay,1975,3.71,47.91
Uruguay,1976,4.06,46.84
Uruguay,1977,3.97,47.13
Uruguay,1978,4.1,50.21
Uruguay,1980,3.38,48.43
Uruguay,1981,4.04,51.34
Uruguay,1982,3.93,53.03
Uruguay,1983,4.54,53.42
Uruguay,1984,4.01,54.05
Uruguay,1985,3.69,53.16
Uruguay,1986,3.98,55.25
Uruguay,1987,4.43,55.76
Uruguay,1988,4.31,56.99
Uruguay,1989,4.98,52.42
Uruguay,1990,4.15,56.25
Uruguay,1993,5.27,52.35
Uruguay,1994,5.03,50
Uruguay,1995,5.29,56.52
Uruguay,1996,4.98,49.31
Uruguay,1997,6.27,50.75
Uruguay,1998,5.85,49.57
Uruguay,1999,5.19,46.71
Uruguay,2000,5.6,48.15
Uruguay,2001,6.01,47.91
Uruguay,2002,6.18,46.16
Uzbekistan,1981,4.68,18.03
Uzbekistan,1982,4.97,20.07
Uzbekistan,1985,4.89,19.72
Uzbekistan,1986,5.08,22.85
Uzbekistan,1987,6.03,24.59
Uzbekistan,1988,5.52,21.21
Uzbekistan,1989,4.84,22.29
Uzbekistan,1990,5.39,20.3
Uzbekistan,1991,4.77,19.85
Uzbekistan,1992,4.86,18.79
Uzbekistan,1993,4.78,17.3
Uzbekistan,1994,4.12,14.82
Uzbekistan,1995,3.9,15.45
Uzbekistan,1996,3.66,13.83
Uzbekistan,1997,3.65,13.75
Uzbekistan,1998,3.83,12.56
Uzbekistan,1999,3.26,11.49
Uzbekistan,2000,3.26,10.93
Uzbekistan,2002,3.12,10.98
Vanuatu,2002,5.8,12.7
Venezuela,1955,4.02,9.09
Venezuela,1956,5.05,9.97
Venezuela,1957,5.57,8.52
Venezuela,1958,5.38,10.04
Venezuela,1959,5.41,9.81
Venezuela,1960,5.41,9.04
Venezuela,1961,5.78,9.92
Venezuela,1962,4.89,11.28
Venezuela,1963,5.67,10.49
Venezuela,1964,5.83,12.22
Venezuela,1965,7.1,13.18
Venezuela,1966,6.44,13.65
Venezuela,1967,5.4,11.81
Venezuela,1968,6.92,12.32
Venezuela,1969,6.03,12.01
Venezuela,1970,5.99,14.13
Venezuela,1971,5.97,14.27
Venezuela,1972,6.47,14.9
Venezuela,1973,6.58,11.98
Venezuela,1974,6.6,14.38
Venezuela,1975,6.54,15.47
Venezuela,1976,7.51,14.45
Venezuela,1977,6.46,16.05
Venezuela,1978,5.79,14.36
Venezuela,1979,6.54,15.23
Venezuela,1980,6.96,14.88
Venezuela,1981,6.99,15.29
Venezuela,1982,6.7,15.4
Venezuela,1983,7.29,16.92
Venezuela,1985,7.04,15.53
Venezuela,1986,6.41,15.12
Venezuela,1987,7.52,17.13
Venezuela,1988,7.79,17.09
Venezuela,1989,7.83,15.82
Venezuela,1990,9.02,18.76
Venezuela,1992,8.63,18.79
Venezuela,1993,8.41,17.67
Venezuela,1994,9.18,18.85
Venezuela,1996,8.41,17.26
Venezuela,1997,8.81,18.1
Venezuela,1998,8.53,17.44
Venezuela,1999,8.95,17.45
Venezuela,2000,8.94,16.41
Venezuela,2001,9.25,17.18
Venezuela,2002,9.26,16.86
Vietnam,2002,6.7,27.4
Yemen,2002,3.4,3.8
Zambia,2002,0.9,6.3
Zimbabwe,2002,5.8,12.1