Country,Code,Year,Female,Male,Total
Afghanistan,AFG,2002,2.7,11.3,14
Albania,ALB,1987,5.49,35.32,40.81
Albania,ALB,1988,6.3,37.78,44.08
Albania,ALB,1989,4.01,32.58,36.59
Albania,ALB,1992,5.12,27.77,32.89
Albania,ALB,1993,4.79,25.43,30.22
Albania,ALB,1994,5.09,21.83,26.92
Albania,ALB,1995,5.79,33.68,39.47
Albania,ALB,1996,7.8,35.57,43.37
Albania,ALB,1997,7.62,35.98,43.6
Albania,ALB,1998,7.84,34.84,42.68
Albania,ALB,1999,7.38,34.67,42.05
Albania,ALB,2000,6.4,31.48,37.88
Albania,ALB,2001,5.88,27.91,33.79
Albania,ALB,2002,8.1,29.44,37.54
Algeria,DZA,2002,2,16.4,18.4
Angola,AGO,2002,1.3,7,8.3
Argentina,ARG,1966,5.17,41.07,46.24
Argentina,ARG,1967,5.56,47.2,52.76
Argentina,ARG,1968,6.7,48.19,54.89
Argentina,ARG,1969,6.32,48.67,54.99
Argentina,ARG,1970,5.94,46.7,52.64
Argentina,ARG,1977,5.54,43.79,49.33
Argentina,ARG,1978,5.55,44.01,49.56
Argentina,ARG,1979,5.28,43.09,48.37
Argentina,ARG,1980,5.21,42.9,48.11
Argentina,ARG,1981,5.38,44.55,49.93
Argentina,ARG,1982,5.51,40.52,46.03
Argentina,ARG,1983,5.51,42.38,47.89
Argentina,ARG,1984,5.84,41.26,47.1
Argentina,ARG,1985,5.35,40.63,45.98
Argentina,ARG,1986,5.26,39.5,44.76
Argentina,ARG,1987,5.34,41.39,46.73
Argentina,ARG,1988,5.88,40.09,45.97
Argentina,ARG,1989,5.83,39.64,45.47
Argentina,ARG,1990,5.83,38.03,43.86
Argentina,ARG,1991,6.26,39.35,45.61
Argentina,ARG,1992,6.2,38.01,44.21
Argentina,ARG,1993,6.38,37.77,44.15
Argentina,ARG,1994,6.42,37.88,44.3
Argentina,ARG,1995,6.29,36.8,43.09
Argentina,ARG,1996,6.46,36.97,43.43
Argentina,ARG,1997,6.5,36,42.5
Argentina,ARG,1998,7.09,35.99,43.08
Argentina,ARG,1999,7.05,36.12,43.17
Argentina,ARG,2000,6.73,34.74,41.47
Argentina,ARG,2001,6.95,32.92,39.87
Argentina,ARG,2002,7.08,31.87,38.95
Armenia,ARM,1981,4.09,33.01,37.1
Armenia,ARM,1982,4.9,32.88,37.78
Armenia,ARM,1985,5.56,37.62,43.18
Armenia,ARM,1986,6.23,36.7,42.93
Armenia,ARM,1987,5.42,35.42,40.84
Armenia,ARM,1988,6.04,42.55,48.59
Armenia,ARM,1989,5.89,40.83,46.72
Armenia,ARM,1990,6.38,45.98,52.36
Armenia,ARM,1991,5.66,48.04,53.7
Armenia,ARM,1992,7.1,44.8,51.9
Armenia,ARM,1993,6.55,41.34,47.89
Armenia,ARM,1994,5.75,37.81,43.56
Armenia,ARM,1995,4.49,39.8,44.29
Armenia,ARM,1996,4.55,41.01,45.56
Armenia,ARM,1997,4.83,43.91,48.74
Armenia,ARM,1998,5.58,41.45,47.03
Armenia,ARM,1999,5.28,45.09,50.37
Armenia,ARM,2000,6.39,45.54,51.93
Armenia,ARM,2001,6.2,46.71,52.91
Armenia,ARM,2002,5.96,45.62,51.58
Australia,AUS,1950,2.78,13.83,16.61
Australia,AUS,1951,2.98,14.91,17.89
Australia,AUS,1952,2.98,17.29,20.27
Australia,AUS,1953,3.73,18.27,22
Australia,AUS,1954,2.98,19.13,22.11
Australia,AUS,1955,2.96,20.7,23.66
Australia,AUS,1956,3.47,22.12,25.59
Australia,AUS,1957,3.2,24.06,27.26
Australia,AUS,1958,3.24,23.91,27.15
Australia,AUS,1959,3.31,26.27,29.58
Australia,AUS,1960,3.44,27.19,30.63
Australia,AUS,1961,3.58,29.81,33.39
Australia,AUS,1962,3.83,31.77,35.6
Australia,AUS,1963,3.86,32.78,36.64
Australia,AUS,1964,4.28,34.74,39.02
Australia,AUS,1965,4.19,35.1,39.29
Australia,AUS,1966,4.46,37.4,41.86
Australia,AUS,1967,5.09,38.72,43.81
Australia,AUS,1968,5.04,39.97,45.01
Australia,AUS,1969,4.96,41.26,46.22
Australia,AUS,1970,6.42,42.12,48.54
Australia,AUS,1971,6.76,43.61,50.37
Australia,AUS,1972,6.37,43.99,50.36
Australia,AUS,1973,7.05,44.92,51.97
Australia,AUS,1974,6.83,47.21,54.04
Australia,AUS,1975,7.22,47.37,54.59
Australia,AUS,1976,7.97,48.5,56.47
Australia,AUS,1977,9.08,46.96,56.04
Australia,AUS,1978,9.09,47.16,56.25
Australia,AUS,1979,9.42,47.38,56.8
Australia,AUS,1980,9.7,49.45,59.15
Australia,AUS,1981,9.56,49.09,58.65
Australia,AUS,1982,10.56,49.15,59.71
Australia,AUS,1983,11.44,48.59,60.03
Australia,AUS,1984,11.32,48.56,59.88
Australia,AUS,1985,11.5,47.98,59.48
Australia,AUS,1986,11.99,45.99,57.98
Australia,AUS,1987,11.41,46.27,57.68
Australia,AUS,1988,12.86,45.68,58.54
Australia,AUS,1989,13.21,45.55,58.76
Australia,AUS,1990,12.72,41.64,54.36
Australia,AUS,1991,13.6,41.18,54.78
Australia,AUS,1992,12.88,41.17,54.05
Australia,AUS,1993,13.33,38.96,52.29
Australia,AUS,1994,13.6,40.36,53.96
Australia,AUS,1995,13.58,37.4,50.98
Australia,AUS,1996,13.73,37.2,50.93
Australia,AUS,1997,13.66,35.21,48.87
Australia,AUS,1998,13.12,34.87,47.99
Australia,AUS,1999,13.1,33.19,46.29
Australia,AUS,2000,13.87,31.76,45.63
Australia,AUS,2001,13.9,31.29,45.19
Australia,AUS,2002,14.31,30.4,44.71
Austria,AUT,1955,5.07,43.01,48.08
Austria,AUT,1956,6.31,45.84,52.15
Austria,AUT,1957,6.14,47.55,53.69
Austria,AUT,1958,6.45,47.69,54.14
Austria,AUT,1959,6.35,47.51,53.86
Austria,AUT,1960,5.31,49.86,55.17
Austria,AUT,1961,5.61,51.26,56.87
Austria,AUT,1962,6.14,49.25,55.39
Austria,AUT,1963,5.98,52.01,57.99
Austria,AUT,1964,5.74,48.87,54.61
Austria,AUT,1965,5.9,52.46,58.36
Austria,AUT,1966,6.29,51.25,57.54
Austria,AUT,1967,6.11,51.51,57.62
Austria,AUT,1968,6.46,53.14,59.6
Austria,AUT,1969,6.23,51.51,57.74
Austria,AUT,1970,5.77,50.46,56.23
Austria,AUT,1971,6.61,50.05,56.66
Austria,AUT,1972,6.34,51.47,57.81
Austria,AUT,1973,6.5,52.2,58.7
Austria,AUT,1974,6.88,50.77,57.65
Austria,AUT,1975,6.84,50.8,57.64
Austria,AUT,1976,6.58,50.42,57
Austria,AUT,1977,6.63,50.73,57.36
Austria,AUT,1978,6.94,48.69,55.63
Austria,AUT,1979,7.02,50.59,57.61
Austria,AUT,1980,7.25,49.91,57.16
Austria,AUT,1981,7.36,48.43,55.79
Austria,AUT,1982,8.18,47,55.18
Austria,AUT,1983,7.87,48.28,56.15
Austria,AUT,1984,8.83,50.06,58.89
Austria,AUT,1985,7.94,47.46,55.4
Austria,AUT,1986,8.16,46.94,55.1
Austria,AUT,1987,9.14,46.44,55.58
Austria,AUT,1988,9.35,45.6,54.95
Austria,AUT,1989,8.55,45.74,54.29
Austria,AUT,1990,8.72,45.46,54.18
Austria,AUT,1991,9.64,45.8,55.44
Austria,AUT,1992,9.35,43.75,53.1
Austria,AUT,1993,9.58,45.23,54.81
Austria,AUT,1994,10.23,41.7,51.93
Austria,AUT,1995,9.61,40.8,50.41
Austria,AUT,1996,10.43,40.81,51.24
Austria,AUT,1997,10.81,39.37,50.18
Austria,AUT,1998,10.75,39.48,50.23
Austria,AUT,1999,10.87,37.2,48.07
Austria,AUT,2000,11.54,36.41,47.95
Austria,AUT,2001,10.67,35.15,45.82
Austria,AUT,2002,11.77,35.92,47.69
Azerbaijan,AZE,1981,4.5,35.62,40.12
Azerbaijan,AZE,1982,5.48,34.63,40.11
Azerbaijan,AZE,1985,4.41,32.43,36.84
Azerbaijan,AZE,1986,4.86,36.57,41.43
Azerbaijan,AZE,1987,5.64,38.51,44.15
Azerbaijan,AZE,1988,5.51,35.65,41.16
Azerbaijan,AZE,1989,4.83,32.97,37.8
Azerbaijan,AZE,1990,4.52,26.42,30.94
Azerbaijan,AZE,1991,4.87,28.04,32.91
Azerbaijan,AZE,1992,4.94,29.27,34.21
Azerbaijan,AZE,1993,4.42,26.13,30.55
Azerbaijan,AZE,1994,4.62,22.4,27.02
Azerbaijan,AZE,1995,3.34,21.25,24.59
Azerbaijan,AZE,1996,3.86,22.2,26.06
Azerbaijan,AZE,1997,3.87,22.35,26.22
Azerbaijan,AZE,1998,3.45,20.44,23.89
Azerbaijan,AZE,1999,3.96,21.34,25.3
Azerbaijan,AZE,2000,3.83,20.24,24.07
Azerbaijan,AZE,2001,4.05,21.35,25.4
Azerbaijan,AZE,2002,4.63,21.83,26.46
Bahamas,BHS,2002,4.8,19.7,24.5
Bahrain,BHR,2002,12.4,28.6,41
Bangladesh,BGD,2002,3.3,20.8,24.1
Barbados,BRB,2002,3,14.4,17.4
Belarus,BLR,1981,3.79,37.21,41
Belarus,BLR,1982,3.76,40.02,43.78
Belarus,BLR,1985,4.29,47.85,52.14
Belarus,BLR,1986,4.29,48.38,52.67
Belarus,BLR,1987,5.02,51.12,56.14
Belarus,BLR,1988,4.45,52.3,56.75
Belarus,BLR,1989,4.57,56.72,61.29
Belarus,BLR,1990,4.53,56.16,60.69
Belarus,BLR,1991,5.06,56.72,61.78
Belarus,BLR,1992,5.1,60.33,65.43
Belarus,BLR,1993,4.87,61.28,66.15
Belarus,BLR,1994,4.32,60.51,64.83
Belarus,BLR,1995,4.32,61.17,65.49
Belarus,BLR,1997,4.55,60.24,64.79
Belarus,BLR,1998,4.19,58.64,62.83
Belarus,BLR,1999,3.64,57.4,61.04
Belarus,BLR,2000,3.8,56.05,59.85
Belarus,BLR,2001,3.72,55.51,59.23
Belarus,BLR,2002,3.67,55.31,58.98
Belgium,BEL,2002,10.1,69.9,80
Belgium,BEL,1954,,26.63,26.63
Belgium,BEL,1955,,27.37,27.37
Belgium,BEL,1956,,30.3,30.3
Belgium,BEL,1957,,31.1,31.1
Belgium,BEL,1958,,32.37,32.37
Belgium,BEL,1959,,34.04,34.04
Belgium,BEL,1960,,37.91,37.91
Belgium,BEL,1961,,40.16,40.16
Belgium,BEL,1962,,42.12,42.12
Belgium,BEL,1963,,44.66,44.66
Belgium,BEL,1964,,46.06,46.06
Belgium,BEL,1965,,50.44,50.44
Belgium,BEL,1966,,50.56,50.56
Belgium,BEL,1967,,52.84,52.84
Belgium,BEL,1968,,54.48,54.48
Belgium,BEL,1969,,55.24,55.24
Belgium,BEL,1970,,58.76,58.76
Belgium,BEL,1971,,64.25,64.25
Belgium,BEL,1972,,66.43,66.43
Belgium,BEL,1973,,67.26,67.26
Belgium,BEL,1974,,66.83,66.83
Belgium,BEL,1975,,68.67,68.67
Belgium,BEL,1976,,70.74,70.74
Belgium,BEL,1977,,75.93,75.93
Belgium,BEL,1978,,76.88,76.88
Belgium,BEL,1979,,76,76
Belgium,BEL,1980,,77.9,77.9
Belgium,BEL,1981,,79.58,79.58
Belgium,BEL,1982,,78.13,78.13
Belgium,BEL,1983,,81.77,81.77
Belgium,BEL,1984,,80.69,80.69
Belgium,BEL,1985,,82.03,82.03
Belgium,BEL,1986,,79.52,79.52
Belgium,BEL,1987,,77.7,77.7
Belgium,BEL,1988,,77.94,77.94
Belgium,BEL,1989,,73.13,73.13
Belgium,BEL,1990,,72.59,72.59
Belgium,BEL,1991,,71.15,71.15
Belgium,BEL,1992,,71.97,71.97
Belgium,BEL,1993,,71.8,71.8
Belgium,BEL,1994,,69.24,69.24
Belgium,BEL,1995,,70.44,70.44
Belgium,BEL,1996,,65.93,65.93
Belgium,BEL,1997,,66.95,66.95
Belize,BLZ,1964,8.15,10.14,18.29
Belize,BLZ,1965,8.11,5.77,13.88
Belize,BLZ,1966,8.89,8.89,17.78
Belize,BLZ,1969,2.25,11.63,13.88
Belize,BLZ,1971,2.22,,2.22
Belize,BLZ,1972,5.05,13.86,18.91
Belize,BLZ,1973,6.91,5.5,12.41
Belize,BLZ,1975,2.67,2.59,5.26
Belize,BLZ,1977,2.38,7.82,10.2
Belize,BLZ,1980,2.6,,2.6
Belize,BLZ,1982,3.92,7.87,11.79
Belize,BLZ,1983,2.31,3.84,6.15
Belize,BLZ,1984,4.44,15.89,20.33
Belize,BLZ,1986,4.45,7.49,11.94
Belize,BLZ,1987,2.11,12.74,14.85
Belize,BLZ,1989,1.24,8.86,10.1
Belize,BLZ,1990,3.12,9.08,12.2
Belize,BLZ,1993,3.95,14.25,18.2
Belize,BLZ,1994,5.16,10.24,15.4
Belize,BLZ,1996,4.14,13.97,18.11
Belize,BLZ,1997,5.03,17.17,22.2
Belize,BLZ,1998,1.89,18.97,20.86
Belize,BLZ,1999,1.68,19.7,21.38
Belize,BLZ,2000,7.61,11.32,18.93
Belize,BLZ,2001,4.37,17.12,21.49
Belize,BLZ,2002,3.3,19.6,22.9
Belize,BLZ,1968,,8.28,8.28
Belize,BLZ,1970,,8.82,8.82
Belize,BLZ,1976,,5.5,5.5
Belize,BLZ,1978,,18.11,18.11
Belize,BLZ,1979,,1.85,1.85
Belize,BLZ,1991,,3.53,3.53
Belize,BLZ,1995,,16.63,16.63
Benin,BEN,2002,0.6,2.4,3
Bhutan,BTN,2002,2.2,11,13.2
Bolivia,BOL,2002,3.1,11.6,14.7
Bosnia and Herzegovina,BIH,2002,10.5,52.3,62.8
Botswana,BWA,2002,3,8.5,11.5
Brazil,BRA,1979,3.63,12.94,16.57
Brazil,BRA,1980,3.87,13.71,17.58
Brazil,BRA,1981,3.71,13.81,17.52
Brazil,BRA,1982,3.86,14.67,18.53
Brazil,BRA,1983,4.11,15.25,19.36
Brazil,BRA,1984,4.14,15.4,19.54
Brazil,BRA,1985,4.3,15.49,19.79
Brazil,BRA,1986,4.36,16.07,20.43
Brazil,BRA,1987,4.73,15.99,20.72
Brazil,BRA,1988,4.86,16.6,21.46
Brazil,BRA,1989,4.66,16.38,21.04
Brazil,BRA,1990,4.86,16.45,21.31
Brazil,BRA,1991,5.09,16.5,21.59
Brazil,BRA,1992,5.19,16.81,22
Brazil,BRA,1993,5.03,16.56,21.59
Brazil,BRA,1994,5.33,16.82,22.15
Brazil,BRA,1995,5.46,16.61,22.07
Brazil,BRA,1996,5.44,16.43,21.87
Brazil,BRA,1997,5.7,16.71,22.41
Brazil,BRA,1998,5.63,16.4,22.03
Brazil,BRA,1999,5.9,16.23,22.13
Brazil,BRA,2000,6.09,16.21,22.3
Brazil,BRA,2001,6.08,16.17,22.25
Brazil,BRA,2002,6.02,16.12,22.14
Brunei,BRN,2002,10.8,22.5,33.3
Bulgaria,BGR,1964,7.81,35.56,43.37
Bulgaria,BGR,1965,6.71,37.66,44.37
Bulgaria,BGR,1966,6.61,38.33,44.94
Bulgaria,BGR,1967,7.12,35.94,43.06
Bulgaria,BGR,1968,6.57,36.17,42.74
Bulgaria,BGR,1969,6.38,35.17,41.55
Bulgaria,BGR,1970,5.98,33.63,39.61
Bulgaria,BGR,1971,5.75,36.68,42.43
Bulgaria,BGR,1972,6.48,35.64,42.12
Bulgaria,BGR,1973,6.42,37.47,43.89
Bulgaria,BGR,1974,6.21,35.55,41.76
Bulgaria,BGR,1975,5.72,34.53,40.25
Bulgaria,BGR,1976,5.93,35.14,41.07
Bulgaria,BGR,1977,6.3,35.43,41.73
Bulgaria,BGR,1978,5.46,34.59,40.05
Bulgaria,BGR,1979,6.34,36.51,42.85
Bulgaria,BGR,1980,5.69,33.59,39.28
Bulgaria,BGR,1981,5.7,37.08,42.78
Bulgaria,BGR,1982,5.27,38.01,43.28
Bulgaria,BGR,1983,6.34,39.42,45.76
Bulgaria,BGR,1984,6.71,39.42,46.13
Bulgaria,BGR,1985,6.94,39.23,46.17
Bulgaria,BGR,1986,6.45,40.29,46.74
Bulgaria,BGR,1987,6.58,40.71,47.29
Bulgaria,BGR,1988,6.26,40.2,46.46
Bulgaria,BGR,1989,6.11,41.39,47.5
Bulgaria,BGR,1990,5.84,40.65,46.49
Bulgaria,BGR,1991,7.03,40.39,47.42
Bulgaria,BGR,1992,6.3,42.52,48.82
Bulgaria,BGR,1993,6.74,42.12,48.86
Bulgaria,BGR,1994,6.58,43.72,50.3
Bulgaria,BGR,1995,7.17,42.58,49.75
Bulgaria,BGR,1996,6.83,42.12,48.95
Bulgaria,BGR,1997,6.15,40.65,46.8
Bulgaria,BGR,1998,6.42,38.91,45.33
Bulgaria,BGR,1999,6.84,40,46.84
Bulgaria,BGR,2000,6.56,37.59,44.15
Bulgaria,BGR,2001,6.22,38,44.22
Bulgaria,BGR,2002,6.28,39.73,46.01
Burkina Faso,BFA,2002,2.1,4.6,6.7
Burundi,BDI,2002,2.1,3.5,5.6
Cambodia,KHM,2002,4.5,20.9,25.4
Cameroon,CMR,2002,0.3,3,3.3
Canada,CAN,1950,2.86,14.53,17.39
Canada,CAN,1951,3.28,14.82,18.1
Canada,CAN,1952,3.55,16.56,20.11
Canada,CAN,1953,3.35,17.93,21.28
Canada,CAN,1954,3.35,19.12,22.47
Canada,CAN,1955,4.18,20.27,24.45
Canada,CAN,1956,3.56,21.8,25.36
Canada,CAN,1957,3.45,22.47,25.92
Canada,CAN,1958,3.4,23.42,26.82
Canada,CAN,1959,3.58,24.27,27.85
Canada,CAN,1960,3.52,25.34,28.86
Canada,CAN,1961,3.91,27.08,30.99
Canada,CAN,1962,4.52,28.72,33.24
Canada,CAN,1963,4.28,30.43,34.71
Canada,CAN,1964,4.59,31.25,35.84
Canada,CAN,1965,5.03,32.22,37.25
Canada,CAN,1966,5.18,33.61,38.79
Canada,CAN,1967,5.64,36.82,42.46
Canada,CAN,1968,5.81,36.92,42.73
Canada,CAN,1969,5.95,38.46,44.41
Canada,CAN,1970,6.3,40.2,46.5
Canada,CAN,1971,6.49,41.82,48.31
Canada,CAN,1972,7.85,42.76,50.61
Canada,CAN,1973,8.23,44.21,52.44
Canada,CAN,1974,8.9,46.37,55.27
Canada,CAN,1975,9.32,45.7,55.02
Canada,CAN,1976,9.52,47.29,56.81
Canada,CAN,1977,10.8,48.94,59.74
Canada,CAN,1978,11.49,49.98,61.47
Canada,CAN,1979,12.55,50.99,63.54
Canada,CAN,1980,13.07,52.59,65.66
Canada,CAN,1981,13.89,51.9,65.79
Canada,CAN,1982,14.92,54.82,69.74
Canada,CAN,1983,15.25,55.24,70.49
Canada,CAN,1984,16.84,56.68,73.52
Canada,CAN,1985,18.13,54.71,72.84
Canada,CAN,1986,18.24,55.09,73.33
Canada,CAN,1987,19.23,54.68,73.91
Canada,CAN,1988,20.05,56.34,76.39
Canada,CAN,1989,20.07,56.12,76.19
Canada,CAN,1990,20.51,55.21,75.72
Canada,CAN,1991,21.98,54.74,76.72
Canada,CAN,1992,22.12,53.67,75.79
Canada,CAN,1993,23.3,53.42,76.72
Canada,CAN,1994,23.5,51.75,75.25
Canada,CAN,1995,22.77,49.49,72.26
Canada,CAN,1996,24.57,49.01,73.58
Canada,CAN,1997,23.33,46.93,70.26
Canada,CAN,1998,24.86,46.99,71.85
Canada,CAN,1999,24.88,47.07,71.95
Canada,CAN,2000,24.67,42.98,67.65
Canada,CAN,2001,24.4,43.01,67.41
Canada,CAN,2002,25.05,42.85,67.9
Cape Verde,CPV,2002,0.6,2.4,3
Central African Republic,CAF,2002,0.7,4.6,5.3
Chad,TCD,2002,0.7,4.6,5.3
Chile,CHL,1955,4.18,11.26,15.44
Chile,CHL,1956,3.77,12.3,16.07
Chile,CHL,1957,4.25,11,15.25
Chile,CHL,1958,4.16,10.8,14.96
Chile,CHL,1959,3.89,12.53,16.42
Chile,CHL,1960,4.45,12.77,17.22
Chile,CHL,1961,4.52,12.04,16.56
Chile,CHL,1962,4.34,12.39,16.73
Chile,CHL,1963,4.77,13.87,18.64
Chile,CHL,1964,4.47,13.2,17.67
Chile,CHL,1965,4.38,13.37,17.75
Chile,CHL,1966,4.77,14.09,18.86
Chile,CHL,1967,5.24,15.43,20.67
Chile,CHL,1968,4.36,16.18,20.54
Chile,CHL,1969,5.12,17.19,22.31
Chile,CHL,1970,5.01,16.78,21.79
Chile,CHL,1971,5.11,17.26,22.37
Chile,CHL,1972,4.35,17.45,21.8
Chile,CHL,1973,4.44,19.43,23.87
Chile,CHL,1974,4.63,17.14,21.77
Chile,CHL,1975,4.7,18.26,22.96
Chile,CHL,1976,5.27,19.18,24.45
Chile,CHL,1977,5.2,20.28,25.48
Chile,CHL,1978,4.51,19.38,23.89
Chile,CHL,1979,5.87,19.97,25.84
Chile,CHL,1980,5.56,21.26,26.82
Chile,CHL,1981,5.29,20.6,25.89
Chile,CHL,1982,5.41,22.33,27.74
Chile,CHL,1983,5.48,22.52,28
Chile,CHL,1984,5.76,21.52,27.28
Chile,CHL,1985,5.93,22.88,28.81
Chile,CHL,1986,5.92,21.22,27.14
Chile,CHL,1987,5.87,20.61,26.48
Chile,CHL,1988,5.56,20.95,26.51
Chile,CHL,1989,6.09,20.87,26.96
Chile,CHL,1990,6.17,21.16,27.33
Chile,CHL,1991,6.13,23.43,29.56
Chile,CHL,1992,6.32,22.34,28.66
Chile,CHL,1993,7.02,21.6,28.62
Chile,CHL,1994,6.36,20.4,26.76
Chile,CHL,1995,6.75,21.5,28.25
Chile,CHL,1996,7.12,21.86,28.98
Chile,CHL,1997,7.32,19.75,27.07
Chile,CHL,1998,6.65,20.03,26.68
Chile,CHL,1999,6.87,19.32,26.19
Chile,CHL,2000,6.92,19.03,25.95
Chile,CHL,2001,7.4,19.55,26.95
Chile,CHL,2002,7.32,18.89,26.21
China,CHN,2002,16.3,36.7,53
China,CHN,1987,,33.24,33.24
China,CHN,1988,,32.77,32.77
China,CHN,1989,,35.81,35.81
China,CHN,1990,,38.3,38.3
China,CHN,1991,,36.3,36.3
China,CHN,1992,,37.36,37.36
China,CHN,1993,,36.97,36.97
China,CHN,1994,,37.58,37.58
China,CHN,1995,,38.83,38.83
China,CHN,1996,,38.5,38.5
China,CHN,1997,,39.5,39.5
China,CHN,1998,,41.2,41.2
China,CHN,1999,,40.81,40.81
China,CHN,2000,,41.7,41.7
Colombia,COL,1953,2.42,5.33,7.75
Colombia,COL,1954,2.4,3.65,6.05
Colombia,COL,1955,2.34,3.67,6.01
Colombia,COL,1956,2.1,4.56,6.66
Colombia,COL,1957,2.26,4.79,7.05
Colombia,COL,1958,2.26,3.83,6.09
Colombia,COL,1959,2.09,5.11,7.2
Colombia,COL,1960,1.9,5.26,7.16
Colombia,COL,1961,2.41,4.84,7.25
Colombia,COL,1962,2.62,5.58,8.2
Colombia,COL,1963,2.39,5.89,8.28
Colombia,COL,1964,2.5,6.53,9.03
Colombia,COL,1965,2.82,5.83,8.65
Colombia,COL,1966,3.09,6.35,9.44
Colombia,COL,1967,2.98,7.01,9.99
Colombia,COL,1968,2.58,6.68,9.26
Colombia,COL,1969,2.58,6.47,9.05
Colombia,COL,1972,3.35,7.02,10.37
Colombia,COL,1974,3.4,7.53,10.93
Colombia,COL,1975,3.54,7.59,11.13
Colombia,COL,1976,4.04,8.94,12.98
Colombia,COL,1977,4.2,8.61,12.81
Colombia,COL,1984,5.14,11.84,16.98
Colombia,COL,1985,5.8,12.86,18.66
Colombia,COL,1986,5.62,13.22,18.84
Colombia,COL,1987,6.12,13.79,19.91
Colombia,COL,1988,5.79,13.18,18.97
Colombia,COL,1989,6.15,13.5,19.65
Colombia,COL,1990,5.87,13.23,19.1
Colombia,COL,1991,6.74,13.91,20.65
Colombia,COL,1992,6.7,13.5,20.2
Colombia,COL,1993,6.57,13.77,20.34
Colombia,COL,1994,6.19,13.76,19.95
Colombia,COL,1995,6.63,13.81,20.44
Colombia,COL,1996,6.97,13.97,20.94
Colombia,COL,1997,7.01,13.93,20.94
Colombia,COL,1998,6.35,13.24,19.59
Colombia,COL,1999,7.16,14.08,21.24
Colombia,COL,2001,6.88,14.06,20.94
Colombia,COL,2002,7.18,14.41,21.59
Comoros,COM,2002,2.1,3.5,5.6
Congo,COG,2002,0.5,3.6,4.1
Costa Rica,CRI,1961,1.99,2.73,4.72
Costa Rica,CRI,1962,2.19,4.99,7.18
Costa Rica,CRI,1963,2.94,3.94,6.88
Costa Rica,CRI,1964,3.83,5.77,9.6
Costa Rica,CRI,1965,1.72,4.17,5.89
Costa Rica,CRI,1966,2.34,4.76,7.1
Costa Rica,CRI,1967,3.14,5.09,8.23
Costa Rica,CRI,1968,3.54,7.87,11.41
Costa Rica,CRI,1969,3.36,4.99,8.35
Costa Rica,CRI,1970,3.32,5.02,8.34
Costa Rica,CRI,1971,4.02,4.84,8.86
Costa Rica,CRI,1972,4.03,8.19,12.22
Costa Rica,CRI,1973,2.4,6.19,8.59
Costa Rica,CRI,1974,4.72,7.47,12.19
Costa Rica,CRI,1975,5.06,9.54,14.6
Costa Rica,CRI,1976,3.75,8.98,12.73
Costa Rica,CRI,1977,4.31,9.11,13.42
Costa Rica,CRI,1978,4.46,9.32,13.78
Costa Rica,CRI,1979,3.77,8.83,12.6
Costa Rica,CRI,1980,5.1,10.19,15.29
Costa Rica,CRI,1981,6.05,12.61,18.66
Costa Rica,CRI,1982,6.19,12.55,18.74
Costa Rica,CRI,1983,4.28,13.03,17.31
Costa Rica,CRI,1984,5.19,14.21,19.4
Costa Rica,CRI,1985,5.39,13,18.39
Costa Rica,CRI,1986,4.73,10.89,15.62
Costa Rica,CRI,1987,6.16,12.72,18.88
Costa Rica,CRI,1988,4.35,14.22,18.57
Costa Rica,CRI,1989,6.87,12.79,19.66
Costa Rica,CRI,1990,4.65,13.38,18.03
Costa Rica,CRI,1991,4.76,11.1,15.86
Costa Rica,CRI,1992,4.51,12.31,16.82
Costa Rica,CRI,1993,5.01,13.12,18.13
Costa Rica,CRI,1994,4.5,12.44,16.94
Costa Rica,CRI,1995,4.91,11.26,16.17
Costa Rica,CRI,1996,5.09,13.91,19
Costa Rica,CRI,1997,5.76,12.17,17.93
Costa Rica,CRI,1998,3.82,10.57,14.39
Costa Rica,CRI,1999,4.88,12.18,17.06
Costa Rica,CRI,2000,5.34,11.26,16.6
Costa Rica,CRI,2001,4.37,11.11,15.48
Costa Rica,CRI,2002,3.69,9.7,13.39
Cote d'Ivoire,CIV,2002,1.2,6,7.2
Croatia,HRV,1985,6.54,61.36,67.9
Croatia,HRV,1986,8.32,61.16,69.48
Croatia,HRV,1987,7.83,66.38,74.21
Croatia,HRV,1988,7.97,68.88,76.85
Croatia,HRV,1989,8.63,67.04,75.67
Croatia,HRV,1990,8.51,68.41,76.92
Croatia,HRV,1991,8.78,66.02,74.8
Croatia,HRV,1992,8.61,62.2,70.81
Croatia,HRV,1993,7.31,61.18,68.49
Croatia,HRV,1994,8.04,59.73,67.77
Croatia,HRV,1995,7.57,57.07,64.64
Croatia,HRV,1996,9.01,59.75,68.76
Croatia,HRV,1997,8.48,61.66,70.14
Croatia,HRV,1998,9.93,62.57,72.5
Croatia,HRV,1999,8.8,61.28,70.08
Croatia,HRV,2000,10.39,58.44,68.83
Croatia,HRV,2001,9.61,61.9,71.51
Croatia,HRV,2002,10.21,58.98,69.19
Cuba,CUB,1964,13.88,34.95,48.83
Cuba,CUB,1968,12.79,34.62,47.41
Cuba,CUB,1969,11.58,36.34,47.92
Cuba,CUB,1970,14.87,38.54,53.41
Cuba,CUB,1971,13.67,39.17,52.84
Cuba,CUB,1972,13.93,39.65,53.58
Cuba,CUB,1973,14.75,40.06,54.81
Cuba,CUB,1974,13.38,39.06,52.44
Cuba,CUB,1975,13.22,36.96,50.18
Cuba,CUB,1976,13.11,39.99,53.1
Cuba,CUB,1977,13.12,39.53,52.65
Cuba,CUB,1978,11.36,36.81,48.17
Cuba,CUB,1979,12.62,38.4,51.02
Cuba,CUB,1980,12.18,37.08,49.26
Cuba,CUB,1981,11.83,38.17,50
Cuba,CUB,1982,12.22,37.46,49.68
Cuba,CUB,1983,13,37.11,50.11
Cuba,CUB,1984,13.49,38.47,51.96
Cuba,CUB,1985,13.09,37.18,50.27
Cuba,CUB,1986,13.39,37.67,51.06
Cuba,CUB,1987,13.31,37.08,50.39
Cuba,CUB,1988,13.6,38.33,51.93
Cuba,CUB,1989,13.71,36.39,50.1
Cuba,CUB,1990,13.37,36.57,49.94
Cuba,CUB,1991,13.13,36.59,49.72
Cuba,CUB,1992,14.24,35.98,50.22
Cuba,CUB,1993,13.53,33.47,47
Cuba,CUB,1994,12.12,34.66,46.78
Cuba,CUB,1995,12.75,34.71,47.46
Cuba,CUB,1996,13.31,35.52,48.83
Cuba,CUB,1997,13.94,34.36,48.3
Cuba,CUB,1998,13.74,35.08,48.82
Cuba,CUB,1999,13.72,33.96,47.68
Cuba,CUB,2000,14.65,33.71,48.36
Cuba,CUB,2001,14.62,33.43,48.05
Cuba,CUB,2002,15.64,35.8,51.44
Cyprus,CYP,2002,5.3,24.8,30.1
Czechia,CZE,1986,8.6,80.43,89.03
Czechia,CZE,1987,9.16,77.85,87.01
Czechia,CZE,1988,8.72,78.65,87.37
Czechia,CZE,1989,9.29,75.84,85.13
Czechia,CZE,1990,9.33,77.83,87.16
Czechia,CZE,1991,10.49,75.43,85.92
Czechia,CZE,1992,10.71,75.67,86.38
Czechia,CZE,1993,10.12,73.28,83.4
Czechia,CZE,1994,11.23,68.41,79.64
Czechia,CZE,1995,11.66,70.02,81.68
Czechia,CZE,1996,11.66,66.19,77.85
Czechia,CZE,1997,11.31,65.6,76.91
Czechia,CZE,1998,11.61,61.26,72.87
Czechia,CZE,1999,12.55,61.74,74.29
Czechia,CZE,2000,12.53,61.98,74.51
Czechia,CZE,2001,13.03,58.58,71.61
Czechia,CZE,2002,12.32,57.02,69.34
Czechoslovakia,OWID_CZS,1953,4.91,28.43,33.34
Czechoslovakia,OWID_CZS,1954,5.31,31.58,36.89
Czechoslovakia,OWID_CZS,1955,5.68,34.97,40.65
Czechoslovakia,OWID_CZS,1956,5.39,36.65,42.04
Czechoslovakia,OWID_CZS,1957,5.5,38.54,44.04
Czechoslovakia,OWID_CZS,1958,5.31,41.06,46.37
Czechoslovakia,OWID_CZS,1959,5.74,44.11,49.85
Czechoslovakia,OWID_CZS,1960,5.1,47.27,52.37
Czechoslovakia,OWID_CZS,1961,5.43,50.48,55.91
Czechoslovakia,OWID_CZS,1962,5.53,52.08,57.61
Czechoslovakia,OWID_CZS,1963,5.52,55.23,60.75
Czechoslovakia,OWID_CZS,1964,6.11,56.64,62.75
Czechoslovakia,OWID_CZS,1965,5.77,57.88,63.65
Czechoslovakia,OWID_CZS,1966,5.66,60.53,66.19
Czechoslovakia,OWID_CZS,1967,5.77,62.11,67.88
Czechoslovakia,OWID_CZS,1968,5.45,59.99,65.44
Czechoslovakia,OWID_CZS,1969,6.24,61.08,67.32
Czechoslovakia,OWID_CZS,1970,5.67,61.8,67.47
Czechoslovakia,OWID_CZS,1971,5.35,63.54,68.89
Czechoslovakia,OWID_CZS,1972,5.49,62.23,67.72
Czechoslovakia,OWID_CZS,1973,5.36,63.52,68.88
Czechoslovakia,OWID_CZS,1974,5.41,65.52,70.93
Czechoslovakia,OWID_CZS,1975,5.58,66.35,71.93
Czechoslovakia,OWID_CZS,1976,5.91,65.76,71.67
Czechoslovakia,OWID_CZS,1977,5.99,67.65,73.64
Czechoslovakia,OWID_CZS,1978,6.96,68.63,75.59
Czechoslovakia,OWID_CZS,1979,6.6,67.55,74.15
Czechoslovakia,OWID_CZS,1980,6.67,70.23,76.9
Czechoslovakia,OWID_CZS,1981,6.75,69.6,76.35
Czechoslovakia,OWID_CZS,1982,6.65,69.95,76.6
Czechoslovakia,OWID_CZS,1983,7.41,71.64,79.05
Czechoslovakia,OWID_CZS,1984,7.58,72.73,80.31
Czechoslovakia,OWID_CZS,1985,7.62,72.65,80.27
Czechoslovakia,OWID_CZS,1986,7.98,74.95,82.93
Czechoslovakia,OWID_CZS,1987,8.34,73.76,82.1
Czechoslovakia,OWID_CZS,1988,7.95,74.68,82.63
Czechoslovakia,OWID_CZS,1989,8.53,73.58,82.11
Czechoslovakia,OWID_CZS,1990,8.49,74.79,83.28
Czechoslovakia,OWID_CZS,1991,9.44,72.66,82.1
Democratic Republic of Congo,COD,2002,0.6,4.4,5
Denmark,DNK,1951,3.64,15.82,19.46
Denmark,DNK,1952,4.25,18.34,22.59
Denmark,DNK,1953,4.38,18.08,22.46
Denmark,DNK,1954,4.1,18.64,22.74
Denmark,DNK,1955,4.61,21.56,26.17
Denmark,DNK,1956,3.75,23.68,27.43
Denmark,DNK,1957,5.21,24.69,29.9
Denmark,DNK,1958,4.45,23.84,28.29
Denmark,DNK,1959,4.72,28.82,33.54
Denmark,DNK,1960,5.78,29.27,35.05
Denmark,DNK,1961,5.37,32.26,37.63
Denmark,DNK,1962,5.96,31.2,37.16
Denmark,DNK,1963,6.09,35,41.09
Denmark,DNK,1964,6.41,35.72,42.13
Denmark,DNK,1965,6.94,38.26,45.2
Denmark,DNK,1966,6.59,37.57,44.16
Denmark,DNK,1967,8.38,39.6,47.98
Denmark,DNK,1968,7.23,40.71,47.94
Denmark,DNK,1969,8.26,41.74,50
Denmark,DNK,1970,8.75,40.76,49.51
Denmark,DNK,1971,9.26,44.27,53.53
Denmark,DNK,1972,10.24,48.78,59.02
Denmark,DNK,1973,9.22,45.12,54.34
Denmark,DNK,1974,9.92,47.2,57.12
Denmark,DNK,1975,10.83,46.36,57.19
Denmark,DNK,1976,13.22,46.9,60.12
Denmark,DNK,1977,11.72,48.11,59.83
Denmark,DNK,1978,13.13,52.35,65.48
Denmark,DNK,1979,14.64,52.93,67.57
Denmark,DNK,1980,14.37,52.84,67.21
Denmark,DNK,1981,16.34,54.48,70.82
Denmark,DNK,1982,16.03,54.51,70.54
Denmark,DNK,1983,19.92,54.66,74.58
Denmark,DNK,1984,21.09,54.9,75.99
Denmark,DNK,1985,19.84,55.83,75.67
Denmark,DNK,1986,19.87,54.55,74.42
Denmark,DNK,1987,22.93,54.03,76.96
Denmark,DNK,1988,24.08,52.91,76.99
Denmark,DNK,1989,21.72,53.82,75.54
Denmark,DNK,1990,23.84,52.46,76.3
Denmark,DNK,1991,25.8,48.33,74.13
Denmark,DNK,1992,24.47,49.02,73.49
Denmark,DNK,1993,25.38,51.92,77.3
Denmark,DNK,1994,28.3,49.18,77.48
Denmark,DNK,1995,28.13,49.72,77.85
Denmark,DNK,1996,27.61,48.44,76.05
Denmark,DNK,1997,29.39,46.44,75.83
Denmark,DNK,1998,27.18,43.19,70.37
Denmark,DNK,1999,28.17,43.81,71.98
Denmark,DNK,2000,27.35,44.2,71.55
Denmark,DNK,2001,28.05,42.15,70.2
Denmark,DNK,2002,27.8,40.1,67.9
Djibouti,DJI,2002,2.1,3.5,5.6
Dominican Republic,DOM,1965,1.26,3.51,4.77
Dominican Republic,DOM,1966,1.57,2.77,4.34
Dominican Republic,DOM,1967,2.12,3.9,6.02
Dominican Republic,DOM,1968,1.97,4.46,6.43
Dominican Republic,DOM,1969,1.64,3.11,4.75
Dominican Republic,DOM,1970,0.93,3.7,4.63
Dominican Republic,DOM,1971,3.02,4.13,7.15
Dominican Republic,DOM,1972,1.47,4.56,6.03
Dominican Republic,DOM,1973,1.57,3.57,5.14
Dominican Republic,DOM,1974,1.75,3.65,5.4
Dominican Republic,DOM,1975,1.39,3.52,4.91
Dominican Republic,DOM,1976,1.57,3.9,5.47
Dominican Republic,DOM,1977,2.82,4.2,7.02
Dominican Republic,DOM,1978,2.21,3.96,6.17
Dominican Republic,DOM,1979,1.85,3.84,5.69
Dominican Republic,DOM,1980,2.27,4.8,7.07
Dominican Republic,DOM,1981,2.07,5.81,7.88
Dominican Republic,DOM,1982,2.76,6.06,8.82
Dominican Republic,DOM,1983,3.38,6.69,10.07
Dominican Republic,DOM,1984,2.97,6.56,9.53
Dominican Republic,DOM,1985,1.92,6.47,8.39
Dominican Republic,DOM,1986,2.77,5.67,8.44
Dominican Republic,DOM,1987,3.37,6.21,9.58
Dominican Republic,DOM,1988,3.07,6.27,9.34
Dominican Republic,DOM,1989,3.65,6.17,9.82
Dominican Republic,DOM,1990,2.56,6.42,8.98
Dominican Republic,DOM,1991,3.1,5.25,8.35
Dominican Republic,DOM,1992,2.84,5.68,8.52
Dominican Republic,DOM,1994,3.07,5.81,8.88
Dominican Republic,DOM,1995,2.98,5.21,8.19
Dominican Republic,DOM,1996,3.3,6.65,9.95
Dominican Republic,DOM,1997,4.34,6.72,11.06
Dominican Republic,DOM,1998,4.52,7.38,11.9
Dominican Republic,DOM,1999,4.5,8.29,12.79
Dominican Republic,DOM,2000,3.19,7.05,10.24
Dominican Republic,DOM,2001,4.62,7.19,11.81
Dominican Republic,DOM,2002,4.0525,6.985,11.0375
Ecuador,ECU,1961,1.84,2.64,4.48
Ecuador,ECU,1963,1.94,3.49,5.43
Ecuador,ECU,1964,2.35,2.83,5.18
Ecuador,ECU,1968,2.01,2.57,4.58
Ecuador,ECU,1969,2.35,4.13,6.48
Ecuador,ECU,1970,1.61,3.55,5.16
Ecuador,ECU,1971,1.75,3.92,5.67
Ecuador,ECU,1972,1.77,3.86,5.63
Ecuador,ECU,1973,1.55,3.16,4.71
Ecuador,ECU,1974,1.58,3.68,5.26
Ecuador,ECU,1975,1.87,3.36,5.23
Ecuador,ECU,1977,1.5,3.96,5.46
Ecuador,ECU,1978,1.43,4.15,5.58
Ecuador,ECU,1979,2.11,5.48,7.59
Ecuador,ECU,1980,2.08,5.2,7.28
Ecuador,ECU,1981,2.51,5.37,7.88
Ecuador,ECU,1982,2.75,5.98,8.73
Ecuador,ECU,1983,2.06,6.35,8.41
Ecuador,ECU,1984,2.76,6.23,8.99
Ecuador,ECU,1985,2.37,7.39,9.76
Ecuador,ECU,1986,2.8,6.38,9.18
Ecuador,ECU,1987,2.55,6.73,9.28
Ecuador,ECU,1988,2.68,6.52,9.2
Ecuador,ECU,1989,2.96,6.52,9.48
Ecuador,ECU,1990,2.66,7.31,9.97
Ecuador,ECU,1991,2.92,7.25,10.17
Ecuador,ECU,1992,2.73,7.47,10.2
Ecuador,ECU,1993,3.15,7.43,10.58
Ecuador,ECU,1994,3.26,6.28,9.54
Ecuador,ECU,1995,4.48,7.14,11.62
Ecuador,ECU,1996,3.79,6.57,10.36
Ecuador,ECU,1997,3.89,6.98,10.87
Ecuador,ECU,1998,3.69,7.05,10.74
Ecuador,ECU,1999,3.83,6.1,9.93
Ecuador,ECU,2000,3.3,6.53,9.83
Ecuador,ECU,2001,3.8,6.44,10.24
Ecuador,ECU,2002,3.52,7.18,10.7
Egypt,EGY,2002,2.8,8.4,11.2
El Salvador,SLV,1950,0.68,0.42,1.1
El Salvador,SLV,1951,0.45,1.82,2.27
El Salvador,SLV,1952,0.23,0.76,0.99
El Salvador,SLV,1953,0.93,1.25,2.18
El Salvador,SLV,1954,1.22,1.36,2.58
El Salvador,SLV,1955,0.65,0.87,1.52
El Salvador,SLV,1956,0.54,2.22,2.76
El Salvador,SLV,1957,0.61,1.74,2.35
El Salvador,SLV,1958,0.99,1.65,2.64
El Salvador,SLV,1959,0.84,1.82,2.66
El Salvador,SLV,1960,0.77,1.44,2.21
El Salvador,SLV,1961,2.06,2.57,4.63
El Salvador,SLV,1962,1.11,0.39,1.5
El Salvador,SLV,1963,0.82,1.31,2.13
El Salvador,SLV,1964,0.91,1.58,2.49
El Salvador,SLV,1965,0.83,1.17,2
El Salvador,SLV,1966,1.03,0.83,1.86
El Salvador,SLV,1967,2.12,1.55,3.67
El Salvador,SLV,1968,0.85,1.3,2.15
El Salvador,SLV,1969,1.5,1.34,2.84
El Salvador,SLV,1970,1.2,1.48,2.68
El Salvador,SLV,1971,0.92,1.01,1.93
El Salvador,SLV,1972,1.19,1.65,2.84
El Salvador,SLV,1973,1.01,2.63,3.64
El Salvador,SLV,1974,1.46,2.63,4.09
El Salvador,SLV,1981,1.81,2.06,3.87
El Salvador,SLV,1982,1.46,2.01,3.47
El Salvador,SLV,1983,1.4,2.19,3.59
El Salvador,SLV,1984,1.17,2,3.17
El Salvador,SLV,1990,1.74,3.75,5.49
El Salvador,SLV,1991,2.09,2.6,4.69
El Salvador,SLV,1992,1.74,3,4.74
El Salvador,SLV,1993,2.17,3.78,5.95
El Salvador,SLV,1995,1.77,2.43,4.2
El Salvador,SLV,1996,3.73,4.68,8.41
El Salvador,SLV,1997,2.96,4.09,7.05
El Salvador,SLV,1998,2.54,3.95,6.49
El Salvador,SLV,1999,2.85,3.4,6.25
El Salvador,SLV,2000,3.72,4.74,8.46
El Salvador,SLV,2001,3.84,5.54,9.38
El Salvador,SLV,2002,3.19,5.95,9.14
Equatorial Guinea,GNQ,2002,0.7,4.6,5.3
Eritrea,ERI,2002,2.1,3.5,5.6
Estonia,EST,1981,7.44,60.89,68.33
Estonia,EST,1982,5.87,63.58,69.45
Estonia,EST,1985,5.88,59.34,65.22
Estonia,EST,1986,6.4,60.51,66.91
Estonia,EST,1987,7.19,61.73,68.92
Estonia,EST,1988,7.69,69.65,77.34
Estonia,EST,1989,8.28,67.82,76.1
Estonia,EST,1990,7.17,65.05,72.22
Estonia,EST,1991,7.99,78.82,86.81
Estonia,EST,1992,7.49,70.7,78.19
Estonia,EST,1993,7.58,67.6,75.18
Estonia,EST,1994,7.04,66.93,73.97
Estonia,EST,1995,6.86,70.93,77.79
Estonia,EST,1996,7.3,63.57,70.87
Estonia,EST,1997,8.84,65.87,74.71
Estonia,EST,1998,7.1,65.85,72.95
Estonia,EST,1999,7.33,59.57,66.9
Estonia,EST,2000,7.1,62.2,69.3
Estonia,EST,2001,7.82,59.68,67.5
Estonia,EST,2002,7.65,60.51,68.16
Eswatini,SWZ,2002,1.4,9.3,10.7
Ethiopia,ETH,2002,3.1,2.6,5.7
Fiji,FJI,2002,1.6,0.4,2
Finland,FIN,1952,4.81,39.72,44.53
Finland,FIN,1953,3.63,48.49,52.12
Finland,FIN,1954,4.2,43.84,48.04
Finland,FIN,1955,4.55,48.1,52.65
Finland,FIN,1956,3.29,45.12,48.41
Finland,FIN,1957,4.4,52.52,56.92
Finland,FIN,1958,4.01,56.49,60.5
Finland,FIN,1959,4.32,57.09,61.41
Finland,FIN,1960,2.75,58.56,61.31
Finland,FIN,1961,3.79,58.78,62.57
Finland,FIN,1962,3.63,61.43,65.06
Finland,FIN,1963,4.24,61.99,66.23
Finland,FIN,1964,3.96,61.91,65.87
Finland,FIN,1965,3.87,63.55,67.42
Finland,FIN,1966,3.9,62.31,66.21
Finland,FIN,1967,4.19,64.07,68.26
Finland,FIN,1968,4.18,67.02,71.2
Finland,FIN,1969,3.98,69.76,73.74
Finland,FIN,1970,3.86,67.12,70.98
Finland,FIN,1971,4.31,70.21,74.52
Finland,FIN,1972,4.81,64.51,69.32
Finland,FIN,1973,3.53,65.83,69.36
Finland,FIN,1974,4.19,65.21,69.4
Finland,FIN,1975,4.28,60.79,65.07
Finland,FIN,1976,5.27,68.74,74.01
Finland,FIN,1977,5.38,66.17,71.55
Finland,FIN,1978,5.28,65.94,71.22
Finland,FIN,1979,5.27,67.23,72.5
Finland,FIN,1980,6.18,64.89,71.07
Finland,FIN,1981,5.78,65.29,71.07
Finland,FIN,1982,5.7,58.56,64.26
Finland,FIN,1983,5.42,61.49,66.91
Finland,FIN,1984,6.18,58.15,64.33
Finland,FIN,1985,6.8,58.08,64.88
Finland,FIN,1986,6.25,53.13,59.38
Finland,FIN,1987,6.58,53.53,60.11
Finland,FIN,1988,6.31,50.84,57.15
Finland,FIN,1989,6.48,47.61,54.09
Finland,FIN,1990,6.81,48.56,55.37
Finland,FIN,1991,6.86,44.45,51.31
Finland,FIN,1992,7.38,47.25,54.63
Finland,FIN,1993,6.61,44.38,50.99
Finland,FIN,1994,6.85,41.07,47.92
Finland,FIN,1995,7.02,41.3,48.32
Finland,FIN,1996,7.05,39.4,46.45
Finland,FIN,1997,7.19,37.67,44.86
Finland,FIN,1998,8.08,37.42,45.5
Finland,FIN,1999,6.94,34.49,41.43
Finland,FIN,2000,7.6,33.48,41.08
Finland,FIN,2001,8.1,32.83,40.93
Finland,FIN,2002,8.07,31.41,39.48
France,FRA,1950,3.09,10.66,13.75
France,FRA,1952,3.32,13.53,16.85
France,FRA,1953,3.27,14.37,17.64
France,FRA,1954,3.35,15.97,19.32
France,FRA,1955,3.35,16.39,19.74
France,FRA,1956,3.32,17.27,20.59
France,FRA,1957,3.51,19.44,22.95
France,FRA,1958,3.34,19.42,22.76
France,FRA,1959,3.41,20.71,24.12
France,FRA,1960,3.37,21.84,25.21
France,FRA,1961,3.42,23.16,26.58
France,FRA,1962,3.53,24,27.53
France,FRA,1963,3.81,25.74,29.55
France,FRA,1964,3.7,26.42,30.12
France,FRA,1965,3.67,27.64,31.31
France,FRA,1966,3.79,29.03,32.82
France,FRA,1967,3.93,29.53,33.46
France,FRA,1968,3.54,30.14,33.68
France,FRA,1969,3.46,31.15,34.61
France,FRA,1970,3.34,30.96,34.3
France,FRA,1971,3.46,32.46,35.92
France,FRA,1972,3.49,34.16,37.65
France,FRA,1973,3.5,34.66,38.16
France,FRA,1974,3.58,36.03,39.61
France,FRA,1975,3.57,37.1,40.67
France,FRA,1976,3.6,39.3,42.9
France,FRA,1977,3.62,39.95,43.57
France,FRA,1978,3.79,41.95,45.74
France,FRA,1979,3.68,42.27,45.95
France,FRA,1980,3.82,43.36,47.18
France,FRA,1981,4.04,44.26,48.3
France,FRA,1982,4.06,44.21,48.27
France,FRA,1983,4.26,44.1,48.36
France,FRA,1984,4.13,44.97,49.1
France,FRA,1985,4.36,45.79,50.15
France,FRA,1986,4.48,46.65,51.13
France,FRA,1987,4.99,47.43,52.42
France,FRA,1988,5.04,47.98,53.02
France,FRA,1989,5.18,48.06,53.24
France,FRA,1990,5.15,47.57,52.72
France,FRA,1991,5.38,48.38,53.76
France,FRA,1992,5.4,48.23,53.63
France,FRA,1993,5.66,47.87,53.53
France,FRA,1994,5.85,46.49,52.34
France,FRA,1995,6.26,46.83,53.09
France,FRA,1996,6.46,46.52,52.98
France,FRA,1997,6.44,46.02,52.46
France,FRA,1998,7.13,46.43,53.56
France,FRA,1999,7.44,45.64,53.08
France,FRA,2000,7.25,44.61,51.86
France,FRA,2001,7.54,43.97,51.51
France,FRA,2002,8.22,43.64,51.86
French Polynesia,PYF,2002,0.9,16,16.9
Gabon,GAB,2002,1.7,9.5,11.2
Gambia,GMB,2002,0.6,4.9,5.5
Georgia,GEO,2002,6.1,31.6,37.7
Germany,DEU,1973,4.7,46.91,51.61
Germany,DEU,1974,4.87,47.41,52.28
Germany,DEU,1975,5.01,48.31,53.32
Germany,DEU,1976,5.16,48.66,53.82
Germany,DEU,1977,5.1,49.08,54.18
Germany,DEU,1978,5.31,49.96,55.27
Germany,DEU,1980,5.57,49.66,55.23
Germany,DEU,1981,5.81,49.61,55.42
Germany,DEU,1982,6.03,49.67,55.7
Germany,DEU,1983,6.4,50.06,56.46
Germany,DEU,1984,6.47,49.59,56.06
Germany,DEU,1985,6.46,50.04,56.5
Germany,DEU,1986,6.88,49.02,55.9
Germany,DEU,1987,7.23,48.81,56.04
Germany,DEU,1988,7.25,49.24,56.49
Germany,DEU,1989,7.62,48.72,56.34
Germany,DEU,1990,7.86,48.35,56.21
Germany,DEU,1991,8.35,48.44,56.79
Germany,DEU,1992,8.46,47.86,56.32
Germany,DEU,1993,8.85,47.9,56.75
Germany,DEU,1994,9.16,46.33,55.49
Germany,DEU,1995,9.19,46.61,55.8
Germany,DEU,1996,9.36,44.85,54.21
Germany,DEU,1997,9.81,44,53.81
Germany,DEU,1998,10.14,43.21,53.35
Germany,DEU,1999,10.2,41.65,51.85
Germany,DEU,2000,10.72,42.07,52.79
Germany,DEU,2001,10.78,40.15,50.93
Germany,DEU,2002,11.13,39.52,50.65
Ghana,GHA,2002,0.6,2.4,3
Greece,GRC,1961,4.74,24.32,29.06
Greece,GRC,1962,4.6,28.58,33.18
Greece,GRC,1963,5.93,28.73,34.66
Greece,GRC,1964,5.06,29.83,34.89
Greece,GRC,1965,6.38,31.68,38.06
Greece,GRC,1966,6.1,30.86,36.96
Greece,GRC,1967,6.08,32.57,38.65
Greece,GRC,1968,5.48,32.02,37.5
Greece,GRC,1969,5.91,32.21,38.12
Greece,GRC,1970,6.04,31.19,37.23
Greece,GRC,1971,5,31.84,36.84
Greece,GRC,1972,5.82,33.34,39.16
Greece,GRC,1973,6.15,38.56,44.71
Greece,GRC,1974,6.07,40.57,46.64
Greece,GRC,1975,6.73,38.98,45.71
Greece,GRC,1976,6.08,42.2,48.28
Greece,GRC,1977,7.01,43,50.01
Greece,GRC,1978,6.89,44.71,51.6
Greece,GRC,1979,6.85,45.37,52.22
Greece,GRC,1980,6.04,43.11,49.15
Greece,GRC,1981,6.02,44.73,50.75
Greece,GRC,1982,6.4,45.99,52.39
Greece,GRC,1983,6.23,47.35,53.58
Greece,GRC,1984,6.33,47.44,53.77
Greece,GRC,1985,7.16,49.5,56.66
Greece,GRC,1986,6.48,48.81,55.29
Greece,GRC,1987,6.29,48.38,54.67
Greece,GRC,1988,6.99,48.46,55.45
Greece,GRC,1989,6.68,50.31,56.99
Greece,GRC,1990,7.34,49.38,56.72
Greece,GRC,1991,7.1,49.97,57.07
Greece,GRC,1992,6.97,49.1,56.07
Greece,GRC,1993,6.75,50.62,57.37
Greece,GRC,1994,6.98,50.75,57.73
Greece,GRC,1995,7.18,49.69,56.87
Greece,GRC,1996,7.1,49.93,57.03
Greece,GRC,1997,6.93,49.21,56.14
Greece,GRC,1998,7.28,48.41,55.69
Greece,GRC,1999,6.73,48.9,55.63
Greece,GRC,2000,7.4,48.76,56.16
Greece,GRC,2001,7.1,48.37,55.47
Greece,GRC,2002,7.27,46.22,53.49
Guam,GUM,2002,14.2,40.5,54.7
Guatemala,GTM,1963,1.14,1.53,2.67
Guatemala,GTM,1964,1.13,2.69,3.82
Guatemala,GTM,1965,1.63,2.34,3.97
Guatemala,GTM,1966,0.95,1.71,2.66
Guatemala,GTM,1967,1.29,1.68,2.97
Guatemala,GTM,1968,1.51,2.52,4.03
Guatemala,GTM,1969,0.6,2.76,3.36
Guatemala,GTM,1970,0.67,1.24,1.91
Guatemala,GTM,1971,1.52,1.53,3.05
Guatemala,GTM,1974,1.6,2.66,4.26
Guatemala,GTM,1975,1.88,2.28,4.16
Guatemala,GTM,1976,1.6,2.42,4.02
Guatemala,GTM,1977,1.34,2.11,3.45
Guatemala,GTM,1978,1.45,1.76,3.21
Guatemala,GTM,1980,1.16,2.53,3.69
Guatemala,GTM,1981,1.03,2.3,3.33
Guatemala,GTM,1984,2.09,0.84,2.93
Guatemala,GTM,1986,2.15,2.68,4.83
Guatemala,GTM,1987,2.73,3.06,5.79
Guatemala,GTM,1988,2.17,2.87,5.04
Guatemala,GTM,1989,2.73,3.47,6.2
Guatemala,GTM,1990,2.42,3.81,6.23
Guatemala,GTM,1991,2.27,4.16,6.43
Guatemala,GTM,1992,2.62,3.43,6.05
Guatemala,GTM,1993,3.09,2.98,6.07
Guatemala,GTM,1994,3.8,4.84,8.64
Guatemala,GTM,1995,3.69,4.04,7.73
Guatemala,GTM,1996,2.48,3.28,5.76
Guatemala,GTM,1997,3.68,6.33,10.01
Guatemala,GTM,1998,3.21,5.06,8.27
Guatemala,GTM,1999,4.14,5.76,9.9
Guatemala,GTM,2000,3.66,6.18,9.84
Guatemala,GTM,2001,4.09,5.72,9.81
Guatemala,GTM,2002,4.04,5.7,9.74
Guatemala,GTM,1979,,0.49,0.49
Guinea,GIN,2002,1.5,7.5,9
Guinea-Bissau,GNB,2002,0.6,2.4,3
Guyana,GUY,2002,4.8,7.2,12
Haiti,HTI,2002,0.4,10.1,10.5
Honduras,HND,2002,5.9,14.7,20.6
Hong Kong,HKG,1960,11.76,18.92,30.68
Hong Kong,HKG,1961,10.36,22.25,32.61
Hong Kong,HKG,1962,11.63,22.9,34.53
Hong Kong,HKG,1963,12.93,25.48,38.41
Hong Kong,HKG,1964,13.87,28.51,42.38
Hong Kong,HKG,1965,15.47,30.85,46.32
Hong Kong,HKG,1966,17.16,31.16,48.32
Hong Kong,HKG,1967,18.04,32.82,50.86
Hong Kong,HKG,1968,17.3,33.82,51.12
Hong Kong,HKG,1969,19.44,40.35,59.79
Hong Kong,HKG,1970,18.81,37.85,56.66
Hong Kong,HKG,1971,20.98,40.12,61.1
Hong Kong,HKG,1972,19.73,41.79,61.52
Hong Kong,HKG,1973,20.93,43.87,64.8
Hong Kong,HKG,1974,20.06,44.07,64.13
Hong Kong,HKG,1975,22.59,46.51,69.1
Hong Kong,HKG,1976,24.75,48.53,73.28
Hong Kong,HKG,1977,23.52,53.35,76.87
Hong Kong,HKG,1978,23.92,54.54,78.46
Hong Kong,HKG,1979,23.94,54.87,78.81
Hong Kong,HKG,1980,22.19,60.4,82.59
Hong Kong,HKG,1981,22.84,53.45,76.29
Hong Kong,HKG,1982,25.09,53.86,78.95
Hong Kong,HKG,1983,21.46,55.48,76.94
Hong Kong,HKG,1984,23.94,54.56,78.5
Hong Kong,HKG,1985,24.03,54.46,78.49
Hong Kong,HKG,1986,25.22,57.17,82.39
Hong Kong,HKG,1987,24.71,57.4,82.11
Hong Kong,HKG,1988,23.57,51.48,75.05
Hong Kong,HKG,1989,22.96,56.83,79.79
Hong Kong,HKG,1990,23.3,58.06,81.36
Hong Kong,HKG,1991,22.97,54.62,77.59
Hong Kong,HKG,1992,24.45,55.31,79.76
Hong Kong,HKG,1993,23.6,55.48,79.08
Hong Kong,HKG,1994,21.04,53.96,75
Hong Kong,HKG,1995,19.87,51.54,71.41
Hong Kong,HKG,1996,19.21,49.24,68.45
Hong Kong,HKG,1997,18.68,48.8,67.48
Hong Kong,HKG,1998,19.56,49.11,68.67
Hong Kong,HKG,1999,18.78,49.37,68.15
Hong Kong,HKG,2000,18.52,51.14,69.66
Hong Kong,HKG,2001,18.64,46.98,65.62
Hong Kong,HKG,2002,18.18,46.38,64.56
Hungary,HUN,1955,5.31,21.09,26.4
Hungary,HUN,1956,5.31,22.64,27.95
Hungary,HUN,1957,5.7,23.5,29.2
Hungary,HUN,1958,6.14,23.99,30.13
Hungary,HUN,1959,6.23,27.88,34.11
Hungary,HUN,1960,6.32,27.34,33.66
Hungary,HUN,1961,6.68,30.22,36.9
Hungary,HUN,1962,7.22,30.01,37.23
Hungary,HUN,1963,7.21,32.23,39.44
Hungary,HUN,1964,7.57,32.68,40.25
Hungary,HUN,1965,7.23,36.12,43.35
Hungary,HUN,1966,7.57,37.58,45.15
Hungary,HUN,1967,6.99,39.15,46.14
Hungary,HUN,1968,7.63,40.03,47.66
Hungary,HUN,1969,7.01,40.86,47.87
Hungary,HUN,1970,7.63,40.14,47.77
Hungary,HUN,1971,7.85,43.08,50.93
Hungary,HUN,1972,7.69,42.35,50.04
Hungary,HUN,1973,8.68,43.44,52.12
Hungary,HUN,1974,8.67,47.65,56.32
Hungary,HUN,1975,8.03,47.25,55.28
Hungary,HUN,1976,8.96,49.03,57.99
Hungary,HUN,1977,8.47,50.51,58.98
Hungary,HUN,1978,9.61,54.69,64.3
Hungary,HUN,1979,9.29,56.45,65.74
Hungary,HUN,1980,10.26,57.1,67.36
Hungary,HUN,1981,9.89,60.91,70.8
Hungary,HUN,1982,10.94,63.43,74.37
Hungary,HUN,1983,11.41,64.69,76.1
Hungary,HUN,1984,11.34,67.33,78.67
Hungary,HUN,1985,11.62,67.25,78.87
Hungary,HUN,1986,12.43,73.45,85.88
Hungary,HUN,1987,13.69,75.63,89.32
Hungary,HUN,1988,13.84,73.66,87.5
Hungary,HUN,1989,14.6,74.87,89.47
Hungary,HUN,1990,15.57,78.95,94.52
Hungary,HUN,1991,15.92,80.22,96.14
Hungary,HUN,1992,16.82,83.14,99.96
Hungary,HUN,1993,18.05,83.6,101.65
Hungary,HUN,1994,17.42,84.53,101.95
Hungary,HUN,1995,18.77,82.91,101.68
Hungary,HUN,1996,20.31,84.75,105.06
Hungary,HUN,1997,19.72,84.08,103.8
Hungary,HUN,1998,20.08,84.93,105.01
Hungary,HUN,1999,20.91,82.96,103.87
Hungary,HUN,2000,21.38,81.35,102.73
Hungary,HUN,2001,21.67,80.22,101.89
Hungary,HUN,2002,22.69,78.66,101.35
Iceland,ISL,1951,1.01,6.18,7.19
Iceland,ISL,1952,3.74,,3.74
Iceland,ISL,1953,2.43,8.49,10.92
Iceland,ISL,1954,7.42,6.81,14.23
Iceland,ISL,1956,3.09,9.52,12.61
Iceland,ISL,1957,6.75,8.63,15.38
Iceland,ISL,1958,2.1,7.08,9.18
Iceland,ISL,1959,6.56,12.9,19.46
Iceland,ISL,1960,13.42,9.58,23
Iceland,ISL,1961,3,9.1,12.1
Iceland,ISL,1962,2.55,13.35,15.9
Iceland,ISL,1963,2.88,11.06,13.94
Iceland,ISL,1964,10.39,14.52,24.91
Iceland,ISL,1965,5.67,10.65,16.32
Iceland,ISL,1966,8.89,11.54,20.43
Iceland,ISL,1967,8.84,21.18,30.02
Iceland,ISL,1968,7.3,16.08,23.38
Iceland,ISL,1969,10.84,11.73,22.57
Iceland,ISL,1970,5.17,17.18,22.35
Iceland,ISL,1971,11.23,10,21.23
Iceland,ISL,1972,12.05,19.06,31.11
Iceland,ISL,1973,9.12,14.06,23.18
Iceland,ISL,1974,9.68,14.17,23.85
Iceland,ISL,1975,11.8,19.49,31.29
Iceland,ISL,1976,9.52,16.02,25.54
Iceland,ISL,1977,14.12,23.55,37.67
Iceland,ISL,1978,11.32,20.85,32.17
Iceland,ISL,1979,16.67,25.69,42.36
Iceland,ISL,1980,21,15.29,36.29
Iceland,ISL,1981,22.65,33.64,56.29
Iceland,ISL,1982,26,29.96,55.96
Iceland,ISL,1983,20.16,27.48,47.64
Iceland,ISL,1984,17.32,20.53,37.85
Iceland,ISL,1985,17.7,32.01,49.71
Iceland,ISL,1986,20.84,24.41,45.25
Iceland,ISL,1987,20.59,27.62,48.21
Iceland,ISL,1988,28.32,30.6,58.92
Iceland,ISL,1989,23.52,26.57,50.09
Iceland,ISL,1990,21.87,30.4,52.27
Iceland,ISL,1991,22.31,35.35,57.66
Iceland,ISL,1992,29.95,27.38,57.33
Iceland,ISL,1993,23.79,29.74,53.53
Iceland,ISL,1994,27.69,22.99,50.68
Iceland,ISL,1995,21.38,29.19,50.57
Iceland,ISL,1996,25.84,34.24,60.08
Iceland,ISL,1997,26.57,36.04,62.61
Iceland,ISL,1998,23.88,29.35,53.23
Iceland,ISL,1999,25.15,32.93,58.08
Iceland,ISL,2000,26.19,26.27,52.46
Iceland,ISL,2001,23.77,30.45,54.22
Iceland,ISL,2002,22.95,25.06,48.01
Iceland,ISL,1955,,9.75,9.75
India,IND,2002,1.7,7.9,9.6
Indonesia,IDN,2002,6.3,18.6,24.9
Iran,IRN,2002,2.1,6.7,8.8
Iraq,IRQ,2002,6.2,21.1,27.3
Ireland,IRL,1950,3.12,10.21,13.33
Ireland,IRL,1951,4.18,12.5,16.68
Ireland,IRL,1952,4.67,14.46,19.13
Ireland,IRL,1953,4.7,16.65,21.35
Ireland,IRL,1954,5.88,18.09,23.97
Ireland,IRL,1955,5.53,19.13,24.66
Ireland,IRL,1956,4.74,21.95,26.69
Ireland,IRL,1957,7.06,22.1,29.16
Ireland,IRL,1958,5.48,21.66,27.14
Ireland,IRL,1959,5.12,24.6,29.72
Ireland,IRL,1960,5.93,26.37,32.3
Ireland,IRL,1961,5.87,27.89,33.76
Ireland,IRL,1962,7.74,28.51,36.25
Ireland,IRL,1963,6.31,27.59,33.9
Ireland,IRL,1964,6.74,28.62,35.36
Ireland,IRL,1965,7.76,31.39,39.15
Ireland,IRL,1966,7.56,34.38,41.94
Ireland,IRL,1967,8.83,34.41,43.24
Ireland,IRL,1968,9.73,38.36,48.09
Ireland,IRL,1969,8.97,36.31,45.28
Ireland,IRL,1970,10.13,40.38,50.51
Ireland,IRL,1971,11.44,40.23,51.67
Ireland,IRL,1972,11.99,39.57,51.56
Ireland,IRL,1973,11.06,43.06,54.12
Ireland,IRL,1974,14.31,43.54,57.85
Ireland,IRL,1975,13.87,44.72,58.59
Ireland,IRL,1976,13.46,48.34,61.8
Ireland,IRL,1977,13.26,46.37,59.63
Ireland,IRL,1978,14.17,46.35,60.52
Ireland,IRL,1979,15.56,46.66,62.22
Ireland,IRL,1980,15,44.93,59.93
Ireland,IRL,1981,16.22,49.81,66.03
Ireland,IRL,1982,16.54,45.72,62.26
Ireland,IRL,1983,18.44,50.21,68.65
Ireland,IRL,1984,18.82,51.93,70.75
Ireland,IRL,1985,17.53,52.44,69.97
Ireland,IRL,1986,17.75,51.92,69.67
Ireland,IRL,1987,16.45,46.78,63.23
Ireland,IRL,1988,19.31,49.55,68.86
Ireland,IRL,1989,20.01,47.2,67.21
Ireland,IRL,1990,18.52,46.57,65.09
Ireland,IRL,1991,16.87,44.86,61.73
Ireland,IRL,1992,17.94,45.97,63.91
Ireland,IRL,1993,17.48,47.26,64.74
Ireland,IRL,1994,18.63,45.31,63.94
Ireland,IRL,1995,18.5,43.36,61.86
Ireland,IRL,1996,16.63,40.01,56.64
Ireland,IRL,1997,16.07,37.09,53.16
Ireland,IRL,1998,18.47,39.79,58.26
Ireland,IRL,1999,16.83,36.67,53.5
Ireland,IRL,2000,18.85,38.06,56.91
Ireland,IRL,2001,16.42,35.93,52.35
Ireland,IRL,2002,16.81,35.14,51.95
Israel,ISR,1975,7.07,26.18,33.25
Israel,ISR,1976,7.84,26.2,34.04
Israel,ISR,1977,8.62,25.61,34.23
Israel,ISR,1978,8.21,25.37,33.58
Israel,ISR,1979,8.18,26.13,34.31
Israel,ISR,1980,8.83,27.21,36.04
Israel,ISR,1981,8.11,23.28,31.39
Israel,ISR,1982,7.68,25.23,32.91
Israel,ISR,1983,7.85,24.09,31.94
Israel,ISR,1984,7.97,25.17,33.14
Israel,ISR,1985,7.73,25.92,33.65
Israel,ISR,1986,8.36,24.44,32.8
Israel,ISR,1987,8.25,23.5,31.75
Israel,ISR,1988,7.75,24.06,31.81
Israel,ISR,1989,8.42,26.48,34.9
Israel,ISR,1990,8.96,28.3,37.26
Israel,ISR,1991,8.12,27.04,35.16
Israel,ISR,1992,8.04,26.03,34.07
Israel,ISR,1993,9.29,29.51,38.8
Israel,ISR,1994,8.94,28.7,37.64
Israel,ISR,1995,9.77,27.34,37.11
Israel,ISR,1996,7.83,26.8,34.63
Israel,ISR,1997,8.79,26.61,35.4
Israel,ISR,1998,7.71,27.37,35.08
Israel,ISR,1999,8.08,27.23,35.31
Israel,ISR,2000,9.51,26.8,36.31
Israel,ISR,2001,8.88,27.07,35.95
Israel,ISR,2002,9.11,28.12,37.23
Italy,ITA,1951,2.57,9.45,12.02
Italy,ITA,1952,2.68,10.77,13.45
Italy,ITA,1953,2.92,12.05,14.97
Italy,ITA,1954,2.97,13.96,16.93
Italy,ITA,1955,3.32,14.7,18.02
Italy,ITA,1956,3.47,16.68,20.15
Italy,ITA,1957,3.43,17.77,21.2
Italy,ITA,1958,3.57,18.47,22.04
Italy,ITA,1959,3.42,19.78,23.2
Italy,ITA,1960,4.01,21.65,25.66
Italy,ITA,1961,4,22.82,26.82
Italy,ITA,1962,3.93,24.3,28.23
Italy,ITA,1963,4.22,25.13,29.35
Italy,ITA,1964,4.38,28.04,32.42
Italy,ITA,1965,4.42,29.23,33.65
Italy,ITA,1966,4.73,30.57,35.3
Italy,ITA,1967,4.54,32.28,36.82
Italy,ITA,1968,4.57,34.46,39.03
Italy,ITA,1969,4.71,36.21,40.92
Italy,ITA,1970,4.64,36.02,40.66
Italy,ITA,1971,4.55,38.63,43.18
Italy,ITA,1972,4.92,39.66,44.58
Italy,ITA,1973,5.15,41.11,46.26
Italy,ITA,1974,5.22,43.21,48.43
Italy,ITA,1975,5.37,44.79,50.16
Italy,ITA,1976,5.64,47.1,52.74
Italy,ITA,1977,5.87,48.53,54.4
Italy,ITA,1978,5.64,50.44,56.08
Italy,ITA,1979,5.95,52.35,58.3
Italy,ITA,1980,6.07,55.13,61.2
Italy,ITA,1981,6.26,54.76,61.02
Italy,ITA,1982,6.32,56.85,63.17
Italy,ITA,1983,6.62,58.23,64.85
Italy,ITA,1984,6.81,58.26,65.07
Italy,ITA,1985,6.89,59.34,66.23
Italy,ITA,1986,7.29,58.04,65.33
Italy,ITA,1987,7.19,59.78,66.97
Italy,ITA,1988,7.31,59.35,66.66
Italy,ITA,1989,7.33,57.36,64.69
Italy,ITA,1990,7.27,56.13,63.4
Italy,ITA,1991,7.23,55.76,62.99
Italy,ITA,1992,7.82,55.54,63.36
Italy,ITA,1993,7.68,55.02,62.7
Italy,ITA,1994,7.77,54.07,61.84
Italy,ITA,1995,7.87,52.3,60.17
Italy,ITA,1996,8,51.15,59.15
Italy,ITA,1997,7.83,50.14,57.97
Italy,ITA,1998,8.02,49.21,57.23
Italy,ITA,1999,7.91,48.2,56.11
Italy,ITA,2000,8.28,46.03,54.31
Italy,ITA,2001,8.38,45.36,53.74
Italy,ITA,2002,8.75,44.23,52.98
Jamaica,JAM,2002,5.5,22.1,27.6
Japan,JPN,1950,0.95,2.69,3.64
Japan,JPN,1951,1.1,2.69,3.79
Japan,JPN,1952,1.36,3.48,4.84
Japan,JPN,1953,1.41,3.86,5.27
Japan,JPN,1954,1.84,4.89,6.73
Japan,JPN,1955,2.12,5.77,7.89
Japan,JPN,1956,2.52,6.86,9.38
Japan,JPN,1957,2.68,7.35,10.03
Japan,JPN,1958,3.26,8.23,11.49
Japan,JPN,1959,3.33,9.15,12.48
Japan,JPN,1960,3.52,9.8,13.32
Japan,JPN,1961,3.95,10.35,14.3
Japan,JPN,1962,4.13,11.15,15.28
Japan,JPN,1963,4.2,11.95,16.15
Japan,JPN,1964,4.39,12.51,16.9
Japan,JPN,1965,4.66,12.99,17.65
Japan,JPN,1966,4.94,13.73,18.67
Japan,JPN,1967,4.91,14.42,19.33
Japan,JPN,1968,5,14.9,19.9
Japan,JPN,1969,5.25,15.66,20.91
Japan,JPN,1970,5.17,15.86,21.03
Japan,JPN,1971,5.19,16.56,21.75
Japan,JPN,1972,5.6,17.69,23.29
Japan,JPN,1973,5.62,18.02,23.64
Japan,JPN,1974,5.62,18.89,24.51
Japan,JPN,1975,5.93,19.59,25.52
Japan,JPN,1976,6.21,20.44,26.65
Japan,JPN,1977,6.37,21.72,28.09
Japan,JPN,1978,6.69,22.43,29.12
Japan,JPN,1979,6.69,23.67,30.36
Japan,JPN,1980,7.07,24.27,31.34
Japan,JPN,1981,7.19,25.34,32.53
Japan,JPN,1982,7.45,25.78,33.23
Japan,JPN,1983,7.49,26.45,33.94
Japan,JPN,1984,7.69,27.32,35.01
Japan,JPN,1985,7.65,27.68,35.33
Japan,JPN,1986,7.73,27.54,35.27
Japan,JPN,1987,7.88,28.71,36.59
Japan,JPN,1988,8.03,29.3,37.33
Japan,JPN,1989,8.12,30.21,38.33
Japan,JPN,1990,7.9,30.35,38.25
Japan,JPN,1991,8.09,30.48,38.57
Japan,JPN,1992,8.34,30.74,39.08
Japan,JPN,1993,8.18,30.86,39.04
Japan,JPN,1994,8.32,31.06,39.38
Japan,JPN,1995,8.42,31.51,39.93
Japan,JPN,1996,8.55,31.95,40.5
Japan,JPN,1997,8.45,31.42,39.87
Japan,JPN,1998,8.56,31.37,39.93
Japan,JPN,1999,8.46,31.01,39.47
Japan,JPN,2000,8.4,30.89,39.29
Japan,JPN,2001,8.3,30.42,38.72
Japan,JPN,2002,8.04,30.22,38.26
Jordan,JOR,2002,3.2,15.3,18.5
Kazakhstan,KAZ,1981,7.9,55.3,63.2
Kazakhstan,KAZ,1982,8.06,52.67,60.73
Kazakhstan,KAZ,1985,8.5,59.51,68.01
Kazakhstan,KAZ,1986,8.81,62.24,71.05
Kazakhstan,KAZ,1987,7.93,63.72,71.65
Kazakhstan,KAZ,1988,9.35,65.08,74.43
Kazakhstan,KAZ,1989,9.48,67.84,77.32
Kazakhstan,KAZ,1990,9.63,70.64,80.27
Kazakhstan,KAZ,1991,9.75,69.87,79.62
Kazakhstan,KAZ,1992,8.97,71.09,80.06
Kazakhstan,KAZ,1993,8.97,70.73,79.7
Kazakhstan,KAZ,1994,8.79,63.97,72.76
Kazakhstan,KAZ,1995,8.56,63.25,71.81
Kazakhstan,KAZ,1996,8.64,59.47,68.11
Kazakhstan,KAZ,1997,8.36,57.33,65.69
Kazakhstan,KAZ,1998,7.93,58.45,66.38
Kazakhstan,KAZ,1999,8.17,54.38,62.55
Kazakhstan,KAZ,2000,7.67,54.61,62.28
Kazakhstan,KAZ,2001,7.47,51.71,59.18
Kazakhstan,KAZ,2002,7.42,52.04,59.46
Kenya,KEN,2002,2.1,4.1,6.2
Kuwait,KWT,1972,3.79,15.06,18.85
Kuwait,KWT,1975,5.25,17.93,23.18
Kuwait,KWT,1976,3.16,16.83,19.99
Kuwait,KWT,1977,2.63,24.86,27.49
Kuwait,KWT,1978,3.21,20.65,23.86
Kuwait,KWT,1979,7.24,24.6,31.84
Kuwait,KWT,1980,9.11,25.59,34.7
Kuwait,KWT,1981,7.58,16.69,24.27
Kuwait,KWT,1982,8.85,30.2,39.05
Kuwait,KWT,1983,7,24.54,31.54
Kuwait,KWT,1984,10.02,26.8,36.82
Kuwait,KWT,1985,6.49,26.09,32.58
Kuwait,KWT,1986,7.14,20.44,27.58
Kuwait,KWT,1987,4.92,18.66,23.58
Kuwait,KWT,1993,8.01,11.87,19.88
Kuwait,KWT,1994,5.65,11.79,17.44
Kuwait,KWT,1995,5.91,20.32,26.23
Kuwait,KWT,1996,5.55,19.63,25.18
Kuwait,KWT,1997,9.61,19.29,28.9
Kuwait,KWT,1998,9.33,15.92,25.25
Kuwait,KWT,1999,2.79,11.48,14.27
Kuwait,KWT,2000,5.26,16.99,22.25
Kuwait,KWT,2001,4.74,9.58,14.32
Kuwait,KWT,2002,3.08,12.28,15.36
Kyrgyzstan,KGZ,1981,4.3,28.77,33.07
Kyrgyzstan,KGZ,1982,4.04,33.23,37.27
Kyrgyzstan,KGZ,1985,3.5,31.19,34.69
Kyrgyzstan,KGZ,1986,4.54,32.68,37.22
Kyrgyzstan,KGZ,1987,5.24,32.19,37.43
Kyrgyzstan,KGZ,1988,5.68,35.11,40.79
Kyrgyzstan,KGZ,1989,4.73,38.71,43.44
Kyrgyzstan,KGZ,1990,6.07,35.14,41.21
Kyrgyzstan,KGZ,1991,5.41,36.29,41.7
Kyrgyzstan,KGZ,1992,5.66,36.41,42.07
Kyrgyzstan,KGZ,1993,4.21,28.15,32.36
Kyrgyzstan,KGZ,1994,5.01,25.47,30.48
Kyrgyzstan,KGZ,1995,3.76,25.99,29.75
Kyrgyzstan,KGZ,1996,4.02,24.04,28.06
Kyrgyzstan,KGZ,1997,4.65,23.69,28.34
Kyrgyzstan,KGZ,1998,4.27,22.31,26.58
Kyrgyzstan,KGZ,1999,3.55,22.84,26.39
Kyrgyzstan,KGZ,2000,4.78,20.38,25.16
Kyrgyzstan,KGZ,2001,4.55,19.35,23.9
Kyrgyzstan,KGZ,2002,4.08,22.15,26.23
Laos,LAO,2002,6,16.9,22.9
Latvia,LVA,1980,5.63,51.86,57.49
Latvia,LVA,1981,5.66,51.09,56.75
Latvia,LVA,1982,6.01,57.91,63.92
Latvia,LVA,1983,5.97,57.73,63.7
Latvia,LVA,1984,6.28,56.64,62.92
Latvia,LVA,1985,6.55,58.81,65.36
Latvia,LVA,1986,7.47,62.83,70.3
Latvia,LVA,1987,7.15,64.85,72
Latvia,LVA,1988,6.41,66.08,72.49
Latvia,LVA,1989,7.46,65.43,72.89
Latvia,LVA,1990,6.84,63.94,70.78
Latvia,LVA,1991,6.77,70.83,77.6
Latvia,LVA,1992,6.34,68.1,74.44
Latvia,LVA,1993,6.64,63.61,70.25
Latvia,LVA,1994,5.73,67.22,72.95
Latvia,LVA,1995,6.24,60.97,67.21
Latvia,LVA,1996,6.42,62.33,68.75
Latvia,LVA,1997,6.11,57.23,63.34
Latvia,LVA,1998,6.23,57.97,64.2
Latvia,LVA,1999,6.11,61.82,67.93
Latvia,LVA,2000,5.78,55.5,61.28
Latvia,LVA,2001,6.2,60.26,66.46
Latvia,LVA,2002,6.04,56.63,62.67
Lebanon,LBN,2002,4.6,29.1,33.7
Lesotho,LSO,2002,1.6,11.3,12.9
Liberia,LBR,2002,0.6,1.6,2.2
Libya,LBY,2002,2.1,10.1,12.2
Lithuania,LTU,1981,4.97,52.29,57.26
Lithuania,LTU,1982,5.34,51.81,57.15
Lithuania,LTU,1985,5.88,54.2,60.08
Lithuania,LTU,1986,5.45,56.13,61.58
Lithuania,LTU,1987,5.12,57.88,63
Lithuania,LTU,1988,5.5,59.83,65.33
Lithuania,LTU,1989,5.75,59.51,65.26
Lithuania,LTU,1990,6.06,61.46,67.52
Lithuania,LTU,1991,6.1,65.03,71.13
Lithuania,LTU,1992,5.03,62.91,67.94
Lithuania,LTU,1993,6.26,62.96,69.22
Lithuania,LTU,1994,5.08,64.79,69.87
Lithuania,LTU,1995,5.71,63.4,69.11
Lithuania,LTU,1996,5.21,60.33,65.54
Lithuania,LTU,1997,5.46,57.9,63.36
Lithuania,LTU,1998,4.64,60.33,64.97
Lithuania,LTU,1999,5.84,58.69,64.53
Lithuania,LTU,2000,4.96,54.13,59.09
Lithuania,LTU,2001,5.66,55.58,61.24
Lithuania,LTU,2002,4.71,55.21,59.92
Luxembourg,LUX,1967,4.69,63.51,68.2
Luxembourg,LUX,1968,3.41,65.72,69.13
Luxembourg,LUX,1969,3.81,56.77,60.58
Luxembourg,LUX,1970,3.49,71.45,74.94
Luxembourg,LUX,1971,3.95,69.1,73.05
Luxembourg,LUX,1972,8.14,63.32,71.46
Luxembourg,LUX,1973,3.61,67.07,70.68
Luxembourg,LUX,1974,3.72,54.93,58.65
Luxembourg,LUX,1975,5.11,66.74,71.85
Luxembourg,LUX,1976,5.45,68.53,73.98
Luxembourg,LUX,1977,4.56,71.53,76.09
Luxembourg,LUX,1978,5.56,65.46,71.02
Luxembourg,LUX,1979,7.01,64.36,71.37
Luxembourg,LUX,1980,7.77,67.29,75.06
Luxembourg,LUX,1981,5,71.75,76.75
Luxembourg,LUX,1982,3.9,72.98,76.88
Luxembourg,LUX,1983,6.65,70.41,77.06
Luxembourg,LUX,1984,10.58,67.46,78.04
Luxembourg,LUX,1985,9.72,66.17,75.89
Luxembourg,LUX,1986,6.23,72.5,78.73
Luxembourg,LUX,1987,8.48,70.25,78.73
Luxembourg,LUX,1988,7.62,72.4,80.02
Luxembourg,LUX,1989,9.75,63.13,72.88
Luxembourg,LUX,1990,8.71,61.6,70.31
Luxembourg,LUX,1991,9.14,55.89,65.03
Luxembourg,LUX,1992,9.95,62.57,72.52
Luxembourg,LUX,1993,8.5,63.51,72.01
Luxembourg,LUX,1994,11.32,51.91,63.23
Luxembourg,LUX,1995,9.14,58.45,67.59
Luxembourg,LUX,1996,9.75,54.84,64.59
Luxembourg,LUX,1997,14.66,54.09,68.75
Luxembourg,LUX,1998,11.89,53.29,65.18
Luxembourg,LUX,1999,13.24,46.41,59.65
Luxembourg,LUX,2000,11.04,48.06,59.1
Luxembourg,LUX,2001,10.17,41.67,51.84
Luxembourg,LUX,2002,7.97,44,51.97
Madagascar,MDG,2002,2.1,3.5,5.6
Malawi,MWI,2002,0.4,2.4,2.8
Malaysia,MYS,2002,10.1,27.9,38
Mali,MLI,2002,0.1,2.8,2.9
Malta,MLT,1965,2.23,38.38,40.61
Malta,MLT,1967,2.71,30.7,33.41
Malta,MLT,1968,3.07,38.06,41.13
Malta,MLT,1969,4.92,40.92,45.84
Malta,MLT,1970,1.91,35.94,37.85
Malta,MLT,1971,3.34,44.2,47.54
Malta,MLT,1972,0.61,25.01,25.62
Malta,MLT,1973,1.1,29.24,30.34
Malta,MLT,1974,2.76,30.44,33.2
Malta,MLT,1975,1.24,47.36,48.6
Malta,MLT,1976,5.26,38.99,44.25
Malta,MLT,1977,3.63,31.18,34.81
Malta,MLT,1978,1.86,41.25,43.11
Malta,MLT,1979,3.16,40.01,43.17
Malta,MLT,1980,4.45,39.62,44.07
Malta,MLT,1981,5.35,41.53,46.88
Malta,MLT,1982,4.81,39.64,44.45
Malta,MLT,1983,6.85,40.18,47.03
Malta,MLT,1984,4.58,39.89,44.47
Malta,MLT,1985,2.45,47.48,49.93
Malta,MLT,1986,5.36,47.48,52.84
Malta,MLT,1987,2.22,47.77,49.99
Malta,MLT,1988,4.78,35.49,40.27
Malta,MLT,1989,4.28,45.36,49.64
Malta,MLT,1990,2.9,40.48,43.38
Malta,MLT,1991,2.48,44.11,46.59
Malta,MLT,1992,4.56,43.76,48.32
Malta,MLT,1993,5.12,42.54,47.66
Malta,MLT,1994,5.88,40.42,46.3
Malta,MLT,1995,2.32,43.33,45.65
Malta,MLT,1996,6.5,49.16,55.66
Malta,MLT,1997,4.21,38.57,42.78
Malta,MLT,1998,5.96,32.29,38.25
Malta,MLT,1999,4.8,38.19,42.99
Malta,MLT,2000,7.75,35.12,42.87
Malta,MLT,2001,5.9,40.76,46.66
Malta,MLT,2002,4.53,41.35,45.88
Mauritania,MRT,2002,0.6,2.4,3
Mauritius,MUS,1961,1.73,12.15,13.88
Mauritius,MUS,1962,1.24,9.55,10.79
Mauritius,MUS,1963,1.68,8.57,10.25
Mauritius,MUS,1964,2.01,11.82,13.83
Mauritius,MUS,1965,0.62,4.35,4.97
Mauritius,MUS,1966,3.26,11.11,14.37
Mauritius,MUS,1967,2.4,9.39,11.79
Mauritius,MUS,1968,2.43,16.95,19.38
Mauritius,MUS,1969,1.01,16.24,17.25
Mauritius,MUS,1970,4.67,15.71,20.38
Mauritius,MUS,1971,3.7,11.47,15.17
Mauritius,MUS,1972,2.63,20.94,23.57
Mauritius,MUS,1973,3.45,27.53,30.98
Mauritius,MUS,1974,4.33,10.94,15.27
Mauritius,MUS,1975,3.36,18.63,21.99
Mauritius,MUS,1976,2.47,19.57,22.04
Mauritius,MUS,1977,4.77,11.83,16.6
Mauritius,MUS,1978,3.38,16.91,20.29
Mauritius,MUS,1979,5.76,21.52,27.28
Mauritius,MUS,1980,2.22,22.18,24.4
Mauritius,MUS,1981,4.7,30.83,35.53
Mauritius,MUS,1982,3.89,19.84,23.73
Mauritius,MUS,1983,3.18,15.35,18.53
Mauritius,MUS,1984,4.39,19.29,23.68
Mauritius,MUS,1985,4.14,19.94,24.08
Mauritius,MUS,1986,3.78,17.1,20.88
Mauritius,MUS,1987,4.08,14.3,18.38
Mauritius,MUS,1988,6.18,20.29,26.47
Mauritius,MUS,1989,4.65,18.71,23.36
Mauritius,MUS,1990,4.21,15.59,19.8
Mauritius,MUS,1991,4.85,18.74,23.59
Mauritius,MUS,1992,3.25,17.62,20.87
Mauritius,MUS,1993,3.42,14.93,18.35
Mauritius,MUS,1994,4.38,14.8,19.18
Mauritius,MUS,1995,4.13,17.49,21.62
Mauritius,MUS,1996,3.48,16.45,19.93
Mauritius,MUS,1997,3.22,12.7,15.92
Mauritius,MUS,1998,5.01,16.7,21.71
Mauritius,MUS,1999,4.34,14.02,18.36
Mauritius,MUS,2000,4.04,12.86,16.9
Mauritius,MUS,2001,4.21,19.88,24.09
Mauritius,MUS,2002,4.95,15.87,20.82
Mexico,MEX,1955,2.39,3.66,6.05
Mexico,MEX,1956,2.59,4.28,6.87
Mexico,MEX,1957,2.88,4.41,7.29
Mexico,MEX,1958,2.83,5.58,8.41
Mexico,MEX,1959,3.3,5.54,8.84
Mexico,MEX,1960,3.21,5.84,9.05
Mexico,MEX,1961,3.32,5.71,9.03
Mexico,MEX,1962,3,5.47,8.47
Mexico,MEX,1963,3.26,5.69,8.95
Mexico,MEX,1964,3.19,5.98,9.17
Mexico,MEX,1965,3.35,6.64,9.99
Mexico,MEX,1966,3.72,6.56,10.28
Mexico,MEX,1967,3.72,7.55,11.27
Mexico,MEX,1968,3.58,7.12,10.7
Mexico,MEX,1969,3.35,6.87,10.22
Mexico,MEX,1970,3.65,7.45,11.1
Mexico,MEX,1971,3.81,7.79,11.6
Mexico,MEX,1972,3.86,7.98,11.84
Mexico,MEX,1973,3.98,8.29,12.27
Mexico,MEX,1974,3.6,8.62,12.22
Mexico,MEX,1975,3.73,9.31,13.04
Mexico,MEX,1976,4.03,9.65,13.68
Mexico,MEX,1977,4.22,9.79,14.01
Mexico,MEX,1978,4.05,10.86,14.91
Mexico,MEX,1979,4.53,11.81,16.34
Mexico,MEX,1980,4.49,11.06,15.55
Mexico,MEX,1981,4.66,12.05,16.71
Mexico,MEX,1982,4.39,12.41,16.8
Mexico,MEX,1983,5,12.97,17.97
Mexico,MEX,1984,5.13,13.34,18.47
Mexico,MEX,1985,5.35,14.25,19.6
Mexico,MEX,1986,5.52,14.47,19.99
Mexico,MEX,1987,5.41,15.03,20.44
Mexico,MEX,1988,5.43,15.18,20.61
Mexico,MEX,1989,5.33,15.83,21.16
Mexico,MEX,1990,5.41,14.77,20.18
Mexico,MEX,1991,5.4,14.81,20.21
Mexico,MEX,1992,5.61,15.28,20.89
Mexico,MEX,1993,5.44,16.02,21.46
Mexico,MEX,1994,5.71,15.36,21.07
Mexico,MEX,1995,5.34,14.91,20.25
Mexico,MEX,1996,5.4,14.22,19.62
Mexico,MEX,1997,5.67,14.49,20.16
Mexico,MEX,1998,5.25,13.7,18.95
Mexico,MEX,1999,5.19,13.62,18.81
Mexico,MEX,2000,4.97,12.66,17.63
Mexico,MEX,2001,4.76,12.65,17.41
Mexico,MEX,2002,4.96,12.5,17.46
Moldova,MDA,1981,6.02,31.5,37.52
Moldova,MDA,1982,4.95,33.52,38.47
Moldova,MDA,1985,6.12,39.7,45.82
Moldova,MDA,1986,5.89,41.09,46.98
Moldova,MDA,1987,7.73,42.18,49.91
Moldova,MDA,1988,6.9,45.36,52.26
Moldova,MDA,1989,8.19,47.7,55.89
Moldova,MDA,1990,6.19,45.88,52.07
Moldova,MDA,1991,6.99,42.57,49.56
Moldova,MDA,1992,5.07,42.12,47.19
Moldova,MDA,1993,6.63,41.42,48.05
Moldova,MDA,1994,6.19,44.01,50.2
Moldova,MDA,1995,5.59,40.75,46.34
Moldova,MDA,1996,5.77,41.29,47.06
Moldova,MDA,1997,6.06,35.03,41.09
Moldova,MDA,1998,5.25,31.37,36.62
Moldova,MDA,1999,5.24,28.11,33.35
Moldova,MDA,2000,4.65,28.11,32.76
Moldova,MDA,2001,5.4,30.59,35.99
Moldova,MDA,2002,5.05,28.48,33.53
Mongolia,MNG,2002,13,27.6,40.6
Morocco,MAR,2002,1.9,19.6,21.5
Mozambique,MOZ,2002,1.2,1.7,2.9
Myanmar,MMR,2002,11.8,25.5,37.3
Namibia,NAM,2002,2.2,5.9,8.1
Nepal,NPL,2002,2.2,11,13.2
Netherlands,NLD,1950,3.05,22.92,25.97
Netherlands,NLD,1951,3.69,25.86,29.55
Netherlands,NLD,1952,2.8,26.45,29.25
Netherlands,NLD,1953,3.09,27.61,30.7
Netherlands,NLD,1954,3.23,30.74,33.97
Netherlands,NLD,1955,2.79,30.83,33.62
Netherlands,NLD,1956,3.29,34.27,37.56
Netherlands,NLD,1957,3.14,35.31,38.45
Netherlands,NLD,1958,2.96,36.52,39.48
Netherlands,NLD,1959,3.14,40.22,43.36
Netherlands,NLD,1960,3.24,41.81,45.05
Netherlands,NLD,1961,3.66,45.47,49.13
Netherlands,NLD,1962,3.24,47.6,50.84
Netherlands,NLD,1963,3.45,50.47,53.92
Netherlands,NLD,1964,3.46,52.54,56
Netherlands,NLD,1965,3.43,52.85,56.28
Netherlands,NLD,1966,3.3,56.33,59.63
Netherlands,NLD,1967,3.67,59.82,63.49
Netherlands,NLD,1968,3.97,62.09,66.06
Netherlands,NLD,1969,3.3,62.83,66.13
Netherlands,NLD,1970,3.69,64.88,68.57
Netherlands,NLD,1971,3.86,68.02,71.88
Netherlands,NLD,1972,4.15,67.5,71.65
Netherlands,NLD,1973,3.81,70.15,73.96
Netherlands,NLD,1974,4.43,70.4,74.83
Netherlands,NLD,1975,4.3,72.97,77.27
Netherlands,NLD,1976,4.6,75.34,79.94
Netherlands,NLD,1977,5.06,74.28,79.34
Netherlands,NLD,1978,5.39,77.89,83.28
Netherlands,NLD,1979,5.41,76,81.41
Netherlands,NLD,1980,6.13,77.9,84.03
Netherlands,NLD,1981,6.45,77.85,84.3
Netherlands,NLD,1982,6.97,78.2,85.17
Netherlands,NLD,1983,7.14,75.91,83.05
Netherlands,NLD,1984,8.1,77.18,85.28
Netherlands,NLD,1985,8.22,76.75,84.97
Netherlands,NLD,1986,8.78,76.96,85.74
Netherlands,NLD,1987,8.79,74.82,83.61
Netherlands,NLD,1988,9.87,74.94,84.81
Netherlands,NLD,1989,10.46,71.72,82.18
Netherlands,NLD,1990,10.31,67.3,77.61
Netherlands,NLD,1991,10.75,67.53,78.28
Netherlands,NLD,1992,11.73,66.23,77.96
Netherlands,NLD,1993,12.61,65.15,77.76
Netherlands,NLD,1994,13.36,62.74,76.1
Netherlands,NLD,1995,13.82,61.25,75.07
Netherlands,NLD,1996,13.86,58.83,72.69
Netherlands,NLD,1997,14.75,57.72,72.47
Netherlands,NLD,1998,14.95,56.19,71.14
Netherlands,NLD,1999,15.99,54.37,70.36
Netherlands,NLD,2000,16.85,50.45,67.3
Netherlands,NLD,2001,17.04,50.42,67.46
Netherlands,NLD,2002,18.1,49.33,67.43
New Zealand,NZL,1950,2.55,16.86,19.41
New Zealand,NZL,1951,3.22,19.48,22.7
New Zealand,NZL,1952,3.56,21.99,25.55
New Zealand,NZL,1953,2.99,21.84,24.83
New Zealand,NZL,1954,2.56,23.68,26.24
New Zealand,NZL,1955,3.04,26.49,29.53
New Zealand,NZL,1956,4.46,26.78,31.24
New Zealand,NZL,1957,3.39,30.16,33.55
New Zealand,NZL,1958,4.1,28.74,32.84
New Zealand,NZL,1959,3.89,29.93,33.82
New Zealand,NZL,1960,4.63,27.96,32.59
New Zealand,NZL,1961,5.32,32.24,37.56
New Zealand,NZL,1962,4.39,34.7,39.09
New Zealand,NZL,1963,5.59,36.6,42.19
New Zealand,NZL,1964,5.58,37.55,43.13
New Zealand,NZL,1965,4.78,37.78,42.56
New Zealand,NZL,1966,5,41.04,46.04
New Zealand,NZL,1967,5.91,37.39,43.3
New Zealand,NZL,1968,6.11,45.11,51.22
New Zealand,NZL,1969,7.31,46.05,53.36
New Zealand,NZL,1970,8.99,47,55.99
New Zealand,NZL,1971,8.06,45.99,54.05
New Zealand,NZL,1972,9.91,42.33,52.24
New Zealand,NZL,1973,10.85,45.44,56.29
New Zealand,NZL,1974,11.21,48.88,60.09
New Zealand,NZL,1975,10.96,49.66,60.62
New Zealand,NZL,1976,10.58,51.74,62.32
New Zealand,NZL,1977,11.81,50.33,62.14
New Zealand,NZL,1978,12.4,48.49,60.89
New Zealand,NZL,1979,12.66,49.49,62.15
New Zealand,NZL,1980,12.74,48.64,61.38
New Zealand,NZL,1981,14.03,49.44,63.47
New Zealand,NZL,1982,13.88,46.14,60.02
New Zealand,NZL,1983,13.54,50.98,64.52
New Zealand,NZL,1984,13.68,51.01,64.69
New Zealand,NZL,1985,15.16,45.16,60.32
New Zealand,NZL,1986,14.17,47.92,62.09
New Zealand,NZL,1987,17.11,47.38,64.49
New Zealand,NZL,1988,16.46,44.14,60.6
New Zealand,NZL,1989,17.61,42.92,60.53
New Zealand,NZL,1990,17.96,42.19,60.15
New Zealand,NZL,1991,17.56,40.21,57.77
New Zealand,NZL,1992,17.13,42.35,59.48
New Zealand,NZL,1993,17.17,38.93,56.1
New Zealand,NZL,1994,18.23,38.42,56.65
New Zealand,NZL,1995,18.6,37.47,56.07
New Zealand,NZL,1996,17.7,36.93,54.63
New Zealand,NZL,1997,18.96,35.27,54.23
New Zealand,NZL,1998,17.94,33.42,51.36
New Zealand,NZL,1999,19.1,32.8,51.9
New Zealand,NZL,2000,17.2,31.58,48.78
New Zealand,NZL,2001,19.16,30.17,49.33
New Zealand,NZL,2002,18.06,29.74,47.8
Nicaragua,NIC,1961,0.12,0.49,0.61
Nicaragua,NIC,1962,0.29,0.51,0.8
Nicaragua,NIC,1963,0.61,1.41,2.02
Nicaragua,NIC,1964,0.61,0.9,1.51
Nicaragua,NIC,1965,0.26,,0.26
Nicaragua,NIC,1968,0.64,0.26,0.9
Nicaragua,NIC,1969,2.17,1.37,3.54
Nicaragua,NIC,1973,0.65,0.5,1.15
Nicaragua,NIC,1974,0.43,0.52,0.95
Nicaragua,NIC,1975,1.22,2.12,3.34
Nicaragua,NIC,1976,0.29,0.28,0.57
Nicaragua,NIC,1977,0.62,1.36,1.98
Nicaragua,NIC,1988,1.68,3.62,5.3
Nicaragua,NIC,1989,1.98,3.5,5.48
Nicaragua,NIC,1990,1.92,5.47,7.39
Nicaragua,NIC,1991,2.3,3.43,5.73
Nicaragua,NIC,1992,1.41,3.42,4.83
Nicaragua,NIC,1993,1.54,3.83,5.37
Nicaragua,NIC,1994,1.93,5.09,7.02
Nicaragua,NIC,1996,3.3,5.1,8.4
Nicaragua,NIC,1997,2.74,5.55,8.29
Nicaragua,NIC,1998,1.5,5.41,6.91
Nicaragua,NIC,1999,2.08,6.1,8.18
Nicaragua,NIC,2000,3.24,6.33,9.57
Nicaragua,NIC,2001,2.32,4.6,6.92
Nicaragua,NIC,2002,2.32,5.52,7.84
Nicaragua,NIC,1978,,1.2,1.2
Niger,NER,2002,0.4,4.6,5
Nigeria,NGA,2002,0.4,1.1,1.5
North Korea,PRK,2002,10.3,43,53.3
North Macedonia,MKD,1991,5.13,31.65,36.78
North Macedonia,MKD,1992,4.72,34.93,39.65
North Macedonia,MKD,1993,5.21,38.04,43.25
North Macedonia,MKD,1994,7.16,41.29,48.45
North Macedonia,MKD,1995,6.01,36.43,42.44
North Macedonia,MKD,1996,7.04,41.33,48.37
North Macedonia,MKD,1997,6.6,41.49,48.09
North Macedonia,MKD,1998,7.01,43.11,50.12
North Macedonia,MKD,1999,7.38,39.91,47.29
North Macedonia,MKD,2000,7.64,41.45,49.09
North Macedonia,MKD,2001,6.94,41.64,48.58
North Macedonia,MKD,2002,5.48,42.24,47.72
Norway,NOR,1951,2.55,7.08,9.63
Norway,NOR,1952,3.1,7.72,10.82
Norway,NOR,1953,2.32,7.21,9.53
Norway,NOR,1954,2.22,8.92,11.14
Norway,NOR,1955,2.78,7.95,10.73
Norway,NOR,1956,2.3,9.15,11.45
Norway,NOR,1957,2.55,9.01,11.56
Norway,NOR,1958,2.21,10.39,12.6
Norway,NOR,1959,2.86,11.53,14.39
Norway,NOR,1960,2.58,12.7,15.28
Norway,NOR,1961,2.5,12.57,15.07
Norway,NOR,1962,2.61,12.28,14.89
Norway,NOR,1963,2.56,13.67,16.23
Norway,NOR,1964,3.05,14.24,17.29
Norway,NOR,1965,2.19,14.56,16.75
Norway,NOR,1966,2.63,14.44,17.07
Norway,NOR,1967,3.33,16.45,19.78
Norway,NOR,1968,3.45,18.27,21.72
Norway,NOR,1969,3.87,18.55,22.42
Norway,NOR,1970,3.5,19.39,22.89
Norway,NOR,1971,3.86,19.52,23.38
Norway,NOR,1972,3.79,19.42,23.21
Norway,NOR,1973,4.33,20.24,24.57
Norway,NOR,1974,4.04,19.83,23.87
Norway,NOR,1975,4.56,22.8,27.36
Norway,NOR,1976,4.56,23.26,27.82
Norway,NOR,1977,4.89,24.09,28.98
Norway,NOR,1978,4.8,24.85,29.65
Norway,NOR,1979,5.33,24.66,29.99
Norway,NOR,1980,5.84,24.24,30.08
Norway,NOR,1981,5.76,29.57,35.33
Norway,NOR,1982,6.97,28.92,35.89
Norway,NOR,1983,6.67,27.53,34.2
Norway,NOR,1984,7.81,28.95,36.76
Norway,NOR,1985,8.5,29.54,38.04
Norway,NOR,1986,8.83,30.97,39.8
Norway,NOR,1987,8.63,30.7,39.33
Norway,NOR,1988,10.29,31.23,41.52
Norway,NOR,1989,9.99,29.66,39.65
Norway,NOR,1990,10.58,30.06,40.64
Norway,NOR,1991,10.98,31.6,42.58
Norway,NOR,1992,10.71,31.14,41.85
Norway,NOR,1993,11.07,32.1,43.17
Norway,NOR,1994,13.52,32.02,45.54
Norway,NOR,1995,13.05,31.45,44.5
Norway,NOR,1996,14.46,31.06,45.52
Norway,NOR,1997,16.39,31.37,47.76
Norway,NOR,1998,14.21,30.56,44.77
Norway,NOR,1999,14.06,32.04,46.1
Norway,NOR,2000,15.88,30.03,45.91
Norway,NOR,2001,16.62,30.01,46.63
Norway,NOR,2002,15.8,31.95,47.75
Oman,OMN,2002,2.2,8.8,11
Pakistan,PAK,2002,2.6,18.6,21.2
Panama,PAN,1955,0.96,5.55,6.51
Panama,PAN,1956,1.09,6.04,7.13
Panama,PAN,1957,1.64,9.06,10.7
Panama,PAN,1958,1.68,7.05,8.73
Panama,PAN,1959,2.35,5.27,7.62
Panama,PAN,1960,2.21,5.82,8.03
Panama,PAN,1961,2.46,8.81,11.27
Panama,PAN,1962,2.91,6.65,9.56
Panama,PAN,1963,1.96,6.91,8.87
Panama,PAN,1964,0.64,6.43,7.07
Panama,PAN,1965,2.46,9.61,12.07
Panama,PAN,1966,1.16,7.92,9.08
Panama,PAN,1967,1.76,6.91,8.67
Panama,PAN,1968,0.7,7.12,7.82
Panama,PAN,1969,1.93,7.02,8.95
Panama,PAN,1970,1.86,8.85,10.71
Panama,PAN,1971,2.04,8.42,10.46
Panama,PAN,1972,1.75,10.82,12.57
Panama,PAN,1973,3.85,9.6,13.45
Panama,PAN,1974,2.92,10.65,13.57
Panama,PAN,1975,3.19,11.24,14.43
Panama,PAN,1976,2.22,10.54,12.76
Panama,PAN,1977,3.17,12.24,15.41
Panama,PAN,1978,2.45,11.43,13.88
Panama,PAN,1979,3.37,13.92,17.29
Panama,PAN,1980,4.03,16.07,20.1
Panama,PAN,1981,2.82,12.38,15.2
Panama,PAN,1982,4.27,13.87,18.14
Panama,PAN,1983,3.74,14.22,17.96
Panama,PAN,1984,4,13.9,17.9
Panama,PAN,1985,3.72,12.69,16.41
Panama,PAN,1986,4.24,16.49,20.73
Panama,PAN,1987,5.29,13.53,18.82
Panama,PAN,1988,3.2,14.39,17.59
Panama,PAN,1989,4.33,15.17,19.5
Panama,PAN,1996,4.45,12.84,17.29
Panama,PAN,1997,4.16,11.35,15.51
Panama,PAN,1998,3.86,12.45,16.31
Panama,PAN,1999,3.47,12.34,15.81
Panama,PAN,2000,5.01,10.88,15.89
Panama,PAN,2001,3.69,11.56,15.25
Panama,PAN,2002,5.13,12.62,17.75
Papua New Guinea,PNG,2002,1.3,2.1,3.4
Paraguay,PRY,2002,4.8,19.7,24.5
Peru,PER,2002,7.1,11.6,18.7
Philippines,PHL,2002,12.6,46.6,59.2
Poland,POL,1959,3.12,14.61,17.73
Poland,POL,1960,3.28,17.49,20.77
Poland,POL,1961,3.85,18.87,22.72
Poland,POL,1962,3.96,20.81,24.77
Poland,POL,1963,3.94,23.52,27.46
Poland,POL,1964,4.14,26.36,30.5
Poland,POL,1965,4.44,27.8,32.24
Poland,POL,1966,4.5,30.08,34.58
Poland,POL,1967,4.59,31.85,36.44
Poland,POL,1968,5.06,34.15,39.21
Poland,POL,1969,5.09,34.14,39.23
Poland,POL,1970,4.77,35.96,40.73
Poland,POL,1971,5.21,39.2,44.41
Poland,POL,1972,5.1,39.57,44.67
Poland,POL,1973,5.04,42.75,47.79
Poland,POL,1974,5.41,43.89,49.3
Poland,POL,1975,5.81,45.43,51.24
Poland,POL,1976,5.67,48.18,53.85
Poland,POL,1977,6.22,48.13,54.35
Poland,POL,1978,6.29,50.81,57.1
Poland,POL,1979,6.3,52.44,58.74
Poland,POL,1980,7.17,55.26,62.43
Poland,POL,1981,6.97,57.12,64.09
Poland,POL,1982,7.27,57.58,64.85
Poland,POL,1983,7.59,61.71,69.3
Poland,POL,1984,8.07,63.56,71.63
Poland,POL,1985,8.18,65.15,73.33
Poland,POL,1986,8.43,66.27,74.7
Poland,POL,1987,8.63,66.75,75.38
Poland,POL,1988,9.29,68.99,78.28
Poland,POL,1989,9.34,69.38,78.72
Poland,POL,1990,9.93,71.08,81.01
Poland,POL,1991,10.18,72,82.18
Poland,POL,1992,9.97,70.32,80.29
Poland,POL,1993,10.65,71.98,82.63
Poland,POL,1994,10.7,71.3,82
Poland,POL,1995,11.27,72.2,83.47
Poland,POL,1996,11.27,70.35,81.62
Poland,POL,1999,11.57,67.69,79.26
Poland,POL,2000,12.5,68.06,80.56
Poland,POL,2001,12.76,68.63,81.39
Poland,POL,2002,13.59,68.73,82.32
Portugal,PRT,1955,2.15,7.8,9.95
Portugal,PRT,1956,2.78,6.78,9.56
Portugal,PRT,1957,2.35,8.14,10.49
Portugal,PRT,1958,2,7.58,9.58
Portugal,PRT,1959,2.21,8.37,10.58
Portugal,PRT,1960,2.18,8.82,11
Portugal,PRT,1961,2.69,9.04,11.73
Portugal,PRT,1962,2.51,9.71,12.22
Portugal,PRT,1963,2.49,10.3,12.79
Portugal,PRT,1964,2.47,10.29,12.76
Portugal,PRT,1965,2.07,10.93,13
Portugal,PRT,1966,3.11,12.63,15.74
Portugal,PRT,1967,2.72,11.16,13.88
Portugal,PRT,1968,2.41,13,15.41
Portugal,PRT,1969,3.05,13.22,16.27
Portugal,PRT,1970,2.95,14.06,17.01
Portugal,PRT,1971,3.3,15.1,18.4
Portugal,PRT,1972,3.07,14.49,17.56
Portugal,PRT,1973,3.12,15.21,18.33
Portugal,PRT,1974,3.5,14.73,18.23
Portugal,PRT,1975,3.59,16.67,20.26
Portugal,PRT,1976,3.43,16.99,20.42
Portugal,PRT,1977,3.45,17.06,20.51
Portugal,PRT,1978,3.22,19.31,22.53
Portugal,PRT,1979,3.54,20.11,23.65
Portugal,PRT,1980,3.76,21.2,24.96
Portugal,PRT,1981,4.03,20.28,24.31
Portugal,PRT,1982,4.3,21.25,25.55
Portugal,PRT,1983,3.79,21.76,25.55
Portugal,PRT,1984,3.61,22.47,26.08
Portugal,PRT,1985,3.91,24.46,28.37
Portugal,PRT,1986,4.15,24.56,28.71
Portugal,PRT,1987,3.94,25.99,29.93
Portugal,PRT,1988,4.09,24.68,28.77
Portugal,PRT,1989,4.23,24.17,28.4
Portugal,PRT,1990,4.32,26.25,30.57
Portugal,PRT,1991,4.64,25.8,30.44
Portugal,PRT,1992,4.28,25.78,30.06
Portugal,PRT,1993,4.66,29.09,33.75
Portugal,PRT,1994,4.52,27.83,32.35
Portugal,PRT,1995,4.69,27.8,32.49
Portugal,PRT,1996,4.12,29,33.12
Portugal,PRT,1997,4.45,28.31,32.76
Portugal,PRT,1998,4.64,29.64,34.28
Portugal,PRT,1999,4.7,27.54,32.24
Portugal,PRT,2000,5.08,28.43,33.51
Portugal,PRT,2001,4.42,28.36,32.78
Portugal,PRT,2002,5.35,28.87,34.22
Puerto Rico,PRI,2002,7.1,19.1,26.2
Qatar,QAT,2002,4.2,18.5,22.7
Romania,ROU,1959,4.5,18.21,22.71
Romania,ROU,1960,4.73,19.19,23.92
Romania,ROU,1961,5.7,23.51,29.21
Romania,ROU,1962,5.43,24.56,29.99
Romania,ROU,1963,5.62,25.47,31.09
Romania,ROU,1964,5.67,26.21,31.88
Romania,ROU,1965,5.2,27.34,32.54
Romania,ROU,1966,5.17,26.72,31.89
Romania,ROU,1967,5.24,24.93,30.17
Romania,ROU,1968,5.1,25.43,30.53
Romania,ROU,1969,5.52,27.46,32.98
Romania,ROU,1970,5.54,27.3,32.84
Romania,ROU,1971,5.31,28.37,33.68
Romania,ROU,1972,5.46,28.38,33.84
Romania,ROU,1973,5.43,28.56,33.99
Romania,ROU,1974,5.43,29.13,34.56
Romania,ROU,1975,5.5,29.72,35.22
Romania,ROU,1976,5.81,30.97,36.78
Romania,ROU,1977,5.77,30.98,36.75
Romania,ROU,1978,5.85,32.08,37.93
Romania,ROU,1980,6.56,33.15,39.71
Romania,ROU,1981,5.92,32.51,38.43
Romania,ROU,1982,5.77,32.95,38.72
Romania,ROU,1983,5.89,33.28,39.17
Romania,ROU,1984,5.79,34.13,39.92
Romania,ROU,1985,5.92,35.72,41.64
Romania,ROU,1986,6.09,37.79,43.88
Romania,ROU,1987,6.14,37.78,43.92
Romania,ROU,1988,6.13,39.62,45.75
Romania,ROU,1989,6.35,38.8,45.15
Romania,ROU,1990,6.59,38.27,44.86
Romania,ROU,1991,6.38,39.72,46.1
Romania,ROU,1992,6.25,42.28,48.53
Romania,ROU,1993,7.3,43.02,50.32
Romania,ROU,1994,7.08,44.6,51.68
Romania,ROU,1995,7.25,45.17,52.42
Romania,ROU,1996,7.21,44.39,51.6
Romania,ROU,1997,7.48,45.05,52.53
Romania,ROU,1998,7.56,45.59,53.15
Romania,ROU,1999,7.48,44.13,51.61
Romania,ROU,2000,7.92,46.87,54.79
Romania,ROU,2001,7.93,47.26,55.19
Romania,ROU,2002,7.81,47.02,54.83
Russia,RUS,1980,6.53,59.61,66.14
Russia,RUS,1981,6.48,60.52,67
Russia,RUS,1982,6.55,62.24,68.79
Russia,RUS,1983,6.87,64.17,71.04
Russia,RUS,1984,6.79,64.85,71.64
Russia,RUS,1985,6.89,66.26,73.15
Russia,RUS,1986,7.09,68.48,75.57
Russia,RUS,1987,7.2,69.37,76.57
Russia,RUS,1988,7.34,71.39,78.73
Russia,RUS,1989,7.35,72.31,79.66
Russia,RUS,1990,7.37,72.73,80.1
Russia,RUS,1991,7.2,73.02,80.22
Russia,RUS,1992,7.31,73.21,80.52
Russia,RUS,1993,7.32,73.88,81.2
Russia,RUS,1994,7.21,72.27,79.48
Russia,RUS,1995,6.75,68.58,75.33
Russia,RUS,1996,6.41,64.72,71.13
Russia,RUS,1997,6.46,63.97,70.43
Russia,RUS,1998,6.23,62.79,69.02
Russia,RUS,1999,5.98,61.75,67.73
Russia,RUS,2000,5.91,60.44,66.35
Russia,RUS,2001,5.91,57.57,63.48
Russia,RUS,2002,5.77,56.75,62.52
Rwanda,RWA,2002,0.9,1.7,2.6
Samoa,WSM,2002,0.9,16,16.9
Saudi Arabia,SAU,2002,2.6,9.6,12.2
Senegal,SEN,2002,0.1,1.4,1.5
Serbia and Montenegro,OWID_SRM,2002,11,47.9,58.9
Sierra Leone,SLE,2002,0.6,2.4,3
Singapore,SGP,1963,11.25,32.4,43.65
Singapore,SGP,1964,9.21,29.76,38.97
Singapore,SGP,1965,10.69,30.84,41.53
Singapore,SGP,1966,12.83,29.98,42.81
Singapore,SGP,1967,11.91,31.4,43.31
Singapore,SGP,1968,12.77,31.88,44.65
Singapore,SGP,1969,10.16,30.45,40.61
Singapore,SGP,1970,10.97,36.45,47.42
Singapore,SGP,1971,13.39,39.2,52.59
Singapore,SGP,1972,12.16,42.78,54.94
Singapore,SGP,1973,12.88,37.62,50.5
Singapore,SGP,1974,16.2,43.76,59.96
Singapore,SGP,1975,12.8,44.32,57.12
Singapore,SGP,1976,14.98,49.2,64.18
Singapore,SGP,1977,16.76,50.87,67.63
Singapore,SGP,1978,17.96,49.61,67.57
Singapore,SGP,1979,15.47,60.07,75.54
Singapore,SGP,1980,17.37,55.16,72.53
Singapore,SGP,1981,18.15,55.89,74.04
Singapore,SGP,1982,17.29,51.17,68.46
Singapore,SGP,1983,17.63,55.28,72.91
Singapore,SGP,1984,17.54,51.12,68.66
Singapore,SGP,1985,18.09,50.42,68.51
Singapore,SGP,1986,18.5,46.22,64.72
Singapore,SGP,1987,17.78,54.99,72.77
Singapore,SGP,1988,16.57,43.41,59.98
Singapore,SGP,1989,18.51,53.68,72.19
Singapore,SGP,1990,15.22,46.73,61.95
Singapore,SGP,1991,14.53,48.11,62.64
Singapore,SGP,1992,14.52,45.74,60.26
Singapore,SGP,1993,16.49,40,56.49
Singapore,SGP,1994,14.69,40.46,55.15
Singapore,SGP,1995,14.23,40.14,54.37
Singapore,SGP,1996,13.68,39.06,52.74
Singapore,SGP,1997,14.3,37,51.3
Singapore,SGP,1998,14.72,37.83,52.55
Singapore,SGP,1999,11.51,37.45,48.96
Singapore,SGP,2000,10.63,33.04,43.67
Singapore,SGP,2001,12.78,30.77,43.55
Singapore,SGP,2002,11.5,30.49,41.99
Slovakia,SVK,1992,7.73,65.78,73.51
Slovakia,SVK,1993,7.43,65.89,73.32
Slovakia,SVK,1994,7.32,62.24,69.56
Slovakia,SVK,1995,6.76,66.18,72.94
Slovakia,SVK,1996,6.59,62.02,68.61
Slovakia,SVK,1997,7.46,61.21,68.67
Slovakia,SVK,1998,7.32,62.82,70.14
Slovakia,SVK,1999,7.88,59.62,67.5
Slovakia,SVK,2000,8.07,61.17,69.24
Slovakia,SVK,2001,7.26,56.42,63.68
Slovakia,SVK,2002,7.34,52.55,59.89
Slovenia,SVN,1985,7.25,58.38,65.63
Slovenia,SVN,1986,8.27,57.37,65.64
Slovenia,SVN,1987,6.64,56.87,63.51
Slovenia,SVN,1988,7.57,60.47,68.04
Slovenia,SVN,1989,8.7,57.56,66.26
Slovenia,SVN,1990,8.63,63.79,72.42
Slovenia,SVN,1991,8.32,58.48,66.8
Slovenia,SVN,1992,8.63,60.82,69.45
Slovenia,SVN,1993,9.61,63.3,72.91
Slovenia,SVN,1994,8.61,61.21,69.82
Slovenia,SVN,1995,9.93,62.91,72.84
Slovenia,SVN,1996,9.11,58.8,67.91
Slovenia,SVN,1997,9.78,55.54,65.32
Slovenia,SVN,1998,9.24,55.97,65.21
Slovenia,SVN,1999,11.34,54.47,65.81
Slovenia,SVN,2000,10.5,52.27,62.77
Slovenia,SVN,2001,11.12,51.07,62.19
Slovenia,SVN,2002,11.83,48.75,60.58
Solomon Islands,SLB,2002,5.2,14.8,20
Somalia,SOM,2002,2.1,3.5,5.6
South Africa,ZAF,1993,8.19,28.35,36.54
South Africa,ZAF,1994,8.83,30.58,39.41
South Africa,ZAF,1995,8.11,27.72,35.83
South Africa,ZAF,1996,8.66,28.25,36.91
South Africa,ZAF,1997,8.01,26.49,34.5
South Africa,ZAF,1998,8.33,27.15,35.48
South Africa,ZAF,1999,7.87,27.93,35.8
South Africa,ZAF,2000,7.61,25.25,32.86
South Africa,ZAF,2001,7.62,25.75,33.37
South Africa,ZAF,2002,7.09,24.88,31.97
South Korea,KOR,1985,4.5,17.16,21.66
South Korea,KOR,1986,4.87,19.21,24.08
South Korea,KOR,1987,5,20.39,25.39
South Korea,KOR,1988,5.65,22.85,28.5
South Korea,KOR,1989,5.93,25.23,31.16
South Korea,KOR,1990,6.48,26.51,32.99
South Korea,KOR,1991,6.47,28.68,35.15
South Korea,KOR,1992,8.09,32.76,40.85
South Korea,KOR,1993,8.6,34.74,43.34
South Korea,KOR,1994,9.2,37.84,47.04
South Korea,KOR,1995,9.28,37.72,47
South Korea,KOR,1996,9.44,37.36,46.8
South Korea,KOR,1997,9.87,38.31,48.18
South Korea,KOR,1998,9.09,37.06,46.15
South Korea,KOR,1999,9.5,38.46,47.96
South Korea,KOR,2000,10.17,40.93,51.1
South Korea,KOR,2001,10.08,40.7,50.78
South Korea,KOR,2002,10.37,40.27,50.64
Spain,ESP,1951,2.22,7.16,9.38
Spain,ESP,1952,2.35,9.11,11.46
Spain,ESP,1953,2.33,9.18,11.51
Spain,ESP,1954,2.76,10.51,13.27
Spain,ESP,1955,2.75,12.11,14.86
Spain,ESP,1956,3.12,13.01,16.13
Spain,ESP,1957,3.51,13.43,16.94
Spain,ESP,1958,3.24,13.67,16.91
Spain,ESP,1959,3.3,14,17.3
Spain,ESP,1960,3.91,16.64,20.55
Spain,ESP,1961,3.47,17.08,20.55
Spain,ESP,1962,3.66,18.55,22.21
Spain,ESP,1963,3.71,18.38,22.09
Spain,ESP,1964,3.55,18.74,22.29
Spain,ESP,1965,3.71,19.56,23.27
Spain,ESP,1966,3.84,20.25,24.09
Spain,ESP,1967,4.15,20.67,24.82
Spain,ESP,1968,3.98,21.94,25.92
Spain,ESP,1969,3.88,21.72,25.6
Spain,ESP,1970,4.09,22.24,26.33
Spain,ESP,1971,4.09,23.26,27.35
Spain,ESP,1972,3.9,23.97,27.87
Spain,ESP,1973,3.97,24.94,28.91
Spain,ESP,1974,4.06,26.22,30.28
Spain,ESP,1975,4,28.71,32.71
Spain,ESP,1976,3.63,28.75,32.38
Spain,ESP,1977,4.01,30.17,34.18
Spain,ESP,1978,3.85,31.97,35.82
Spain,ESP,1979,3.82,33.34,37.16
Spain,ESP,1980,3.84,33.25,37.09
Spain,ESP,1981,3.79,35.64,39.43
Spain,ESP,1982,3.63,36.31,39.94
Spain,ESP,1983,3.85,37.27,41.12
Spain,ESP,1984,3.42,39.37,42.79
Spain,ESP,1985,3.62,39.89,43.51
Spain,ESP,1986,3.57,40.27,43.84
Spain,ESP,1987,3.68,42.56,46.24
Spain,ESP,1988,3.42,44.56,47.98
Spain,ESP,1989,3.42,45.31,48.73
Spain,ESP,1990,3.46,45.6,49.06
Spain,ESP,1991,3.71,46.22,49.93
Spain,ESP,1992,3.63,47.15,50.78
Spain,ESP,1993,3.63,47.81,51.44
Spain,ESP,1994,3.8,48.17,51.97
Spain,ESP,1995,3.93,48.63,52.56
Spain,ESP,1996,3.91,47,50.91
Spain,ESP,1997,4.17,46.69,50.86
Spain,ESP,1998,4.3,47.44,51.74
Spain,ESP,1999,4.36,47.45,51.81
Spain,ESP,2000,4.65,46.01,50.66
Spain,ESP,2001,4.77,46.67,51.44
Spain,ESP,2002,5.08,45.1,50.18
Sri Lanka,LKA,2002,1.6,9.1,10.7
Sudan,SDN,2002,0.8,0.9,1.7
Suriname,SUR,1963,4.07,,4.07
Suriname,SUR,1964,1.65,,1.65
Suriname,SUR,1965,2.96,,2.96
Suriname,SUR,1966,2.96,,2.96
Suriname,SUR,1971,6.14,,6.14
Suriname,SUR,1972,4.62,,4.62
Suriname,SUR,1973,2.12,,2.12
Suriname,SUR,1975,0.95,,0.95
Suriname,SUR,1976,3.22,,3.22
Suriname,SUR,1977,2.92,,2.92
Suriname,SUR,1978,0.89,,0.89
Suriname,SUR,1979,3.2,,3.2
Suriname,SUR,1980,1.07,,1.07
Suriname,SUR,1981,4.7,,4.7
Suriname,SUR,1982,4.7,,4.7
Suriname,SUR,1984,2.67,,2.67
Suriname,SUR,1985,6.11,,6.11
Suriname,SUR,1986,0.62,,0.62
Suriname,SUR,1987,3.04,,3.04
Suriname,SUR,1988,2.39,,2.39
Suriname,SUR,1989,4.87,,4.87
Suriname,SUR,1990,6.3,,6.3
Suriname,SUR,1991,4.11,,4.11
Suriname,SUR,1992,5.56,,5.56
Suriname,SUR,1995,3.22,,3.22
Suriname,SUR,1996,0.8,,0.8
Suriname,SUR,1997,3.35,,3.35
Suriname,SUR,1998,6.07,,6.07
Suriname,SUR,1999,2.17,,2.17
Suriname,SUR,2000,4.9,,4.9
Suriname,SUR,2002,7.4,13.2,20.6
Sweden,SWE,1951,3.64,9,12.64
Sweden,SWE,1952,4.05,8.67,12.72
Sweden,SWE,1953,3.58,9.94,13.52
Sweden,SWE,1954,3.71,10.25,13.96
Sweden,SWE,1955,3.37,11.04,14.41
Sweden,SWE,1956,3.73,11.02,14.75
Sweden,SWE,1957,3.93,11.84,15.77
Sweden,SWE,1958,4.11,13.44,17.55
Sweden,SWE,1959,4.05,13.5,17.55
Sweden,SWE,1960,3.49,14.25,17.74
Sweden,SWE,1961,3.96,15.2,19.16
Sweden,SWE,1962,3.85,15.75,19.6
Sweden,SWE,1963,3.95,15.18,19.13
Sweden,SWE,1964,3.58,16.73,20.31
Sweden,SWE,1965,4.08,17,21.08
Sweden,SWE,1966,3.89,17.37,21.26
Sweden,SWE,1967,4.92,18.3,23.22
Sweden,SWE,1968,4.43,18.19,22.62
Sweden,SWE,1969,4.57,19.84,24.41
Sweden,SWE,1970,4.79,19.73,24.52
Sweden,SWE,1971,5.14,21.67,26.81
Sweden,SWE,1972,5.1,22.49,27.59
Sweden,SWE,1973,5.62,22.65,28.27
Sweden,SWE,1974,5.95,23.51,29.46
Sweden,SWE,1975,6.06,23.86,29.92
Sweden,SWE,1976,5.89,24.18,30.07
Sweden,SWE,1977,6.29,26.02,32.31
Sweden,SWE,1978,6.62,25.21,31.83
Sweden,SWE,1979,6.62,26.12,32.74
Sweden,SWE,1980,7.33,24.52,31.85
Sweden,SWE,1981,8.01,23.63,31.64
Sweden,SWE,1982,7.74,23.54,31.28
Sweden,SWE,1983,7.78,23.57,31.35
Sweden,SWE,1984,8.22,24.4,32.62
Sweden,SWE,1985,8.09,24.42,32.51
Sweden,SWE,1986,8.91,22.63,31.54
Sweden,SWE,1987,9.42,23.61,33.03
Sweden,SWE,1988,9.85,23.87,33.72
Sweden,SWE,1989,9.88,22.56,32.44
Sweden,SWE,1990,9.74,23.65,33.39
Sweden,SWE,1991,10.94,24.14,35.08
Sweden,SWE,1992,11.15,23.46,34.61
Sweden,SWE,1993,10.49,22.3,32.79
Sweden,SWE,1994,11.09,22.96,34.05
Sweden,SWE,1995,12.18,22.4,34.58
Sweden,SWE,1996,12.81,21.5,34.31
Sweden,SWE,1997,12.34,22.23,34.57
Sweden,SWE,1998,12.29,21.16,33.45
Sweden,SWE,1999,12.76,21.62,34.38
Sweden,SWE,2000,13.32,20.9,34.22
Sweden,SWE,2001,14.32,20.63,34.95
Sweden,SWE,2002,14.04,20.27,34.31
Switzerland,CHE,1951,3.38,23.61,26.99
Switzerland,CHE,1952,2.84,22.6,25.44
Switzerland,CHE,1953,3.15,25.06,28.21
Switzerland,CHE,1954,3.14,26.02,29.16
Switzerland,CHE,1955,2.94,27.28,30.22
Switzerland,CHE,1956,3.43,27.02,30.45
Switzerland,CHE,1957,3.08,29.16,32.24
Switzerland,CHE,1958,3.15,28.36,31.51
Switzerland,CHE,1959,3.06,31.61,34.67
Switzerland,CHE,1960,3.06,31.89,34.95
Switzerland,CHE,1961,3.11,31.92,35.03
Switzerland,CHE,1962,2.62,32.94,35.56
Switzerland,CHE,1963,3.13,35.76,38.89
Switzerland,CHE,1964,3.55,34.84,38.39
Switzerland,CHE,1965,3.27,35.66,38.93
Switzerland,CHE,1966,3.1,38.59,41.69
Switzerland,CHE,1967,3.79,39.81,43.6
Switzerland,CHE,1968,2.95,40.04,42.99
Switzerland,CHE,1969,3.19,41.4,44.59
Switzerland,CHE,1970,3.46,41.07,44.53
Switzerland,CHE,1971,3.77,43.14,46.91
Switzerland,CHE,1972,4.2,43.25,47.45
Switzerland,CHE,1973,4.29,45.39,49.68
Switzerland,CHE,1974,3.82,46.17,49.99
Switzerland,CHE,1975,4.46,48.6,53.06
Switzerland,CHE,1976,4.68,47.86,52.54
Switzerland,CHE,1977,4.65,48.89,53.54
Switzerland,CHE,1978,4.55,48.78,53.33
Switzerland,CHE,1979,4.64,49.48,54.12
Switzerland,CHE,1980,5.57,48.04,53.61
Switzerland,CHE,1981,5.32,48.62,53.94
Switzerland,CHE,1982,6.04,49.3,55.34
Switzerland,CHE,1983,6.24,49.83,56.07
Switzerland,CHE,1984,5.83,47.12,52.95
Switzerland,CHE,1985,6.57,48.49,55.06
Switzerland,CHE,1986,6.59,48.15,54.74
Switzerland,CHE,1987,6.88,45.09,51.97
Switzerland,CHE,1988,6.77,45.49,52.26
Switzerland,CHE,1989,7.08,44.21,51.29
Switzerland,CHE,1990,7.64,45.01,52.65
Switzerland,CHE,1991,7.38,44.41,51.79
Switzerland,CHE,1992,8.81,44.07,52.88
Switzerland,CHE,1993,9.69,43.11,52.8
Switzerland,CHE,1994,9.92,41.63,51.55
Switzerland,CHE,1995,9.38,37.26,46.64
Switzerland,CHE,1996,8.7,37.4,46.1
Switzerland,CHE,1997,8.9,36.73,45.63
Switzerland,CHE,1998,9.83,36.86,46.69
Switzerland,CHE,1999,10.34,33.63,43.97
Switzerland,CHE,2000,10.93,35.42,46.35
Switzerland,CHE,2001,10.4,34.71,45.11
Switzerland,CHE,2002,10.71,31.85,42.56
Syria,SYR,2002,3.4,30.5,33.9
Tajikistan,TJK,1981,4.52,17.05,21.57
Tajikistan,TJK,1982,4.8,16.77,21.57
Tajikistan,TJK,1985,6.17,17.62,23.79
Tajikistan,TJK,1986,6.32,19.31,25.63
Tajikistan,TJK,1987,5.85,20.77,26.62
Tajikistan,TJK,1988,7.66,20.66,28.32
Tajikistan,TJK,1989,6.67,21.25,27.92
Tajikistan,TJK,1990,4.31,14.66,18.97
Tajikistan,TJK,1991,4.46,15.34,19.8
Tajikistan,TJK,1992,4.02,15.83,19.85
Tajikistan,TJK,1993,2.55,11.27,13.82
Tajikistan,TJK,1994,2.32,9.09,11.41
Tajikistan,TJK,1995,2.17,6.5,8.67
Tajikistan,TJK,1996,1.36,6.56,7.92
Tajikistan,TJK,1997,2.29,6.67,8.96
Tajikistan,TJK,1998,2.67,7.05,9.72
Tajikistan,TJK,1999,2.46,7.34,9.8
Tajikistan,TJK,2000,2.12,4.82,6.94
Tajikistan,TJK,2001,2.47,5,7.47
Tajikistan,TJK,2002,2.78,6.48,9.26
Tanzania,TZA,2002,0.5,2,2.5
Thailand,THA,1957,0.4,0.94,1.34
Thailand,THA,1958,0.31,1.01,1.32
Thailand,THA,1959,0.44,1.17,1.61
Thailand,THA,1960,0.54,1.16,1.7
Thailand,THA,1961,0.56,1.13,1.69
Thailand,THA,1962,0.55,1.59,2.14
Thailand,THA,1963,0.63,1.89,2.52
Thailand,THA,1964,0.87,1.8,2.67
Thailand,THA,1965,0.73,2,2.73
Thailand,THA,1966,0.77,1.68,2.45
Thailand,THA,1967,0.81,1.75,2.56
Thailand,THA,1968,0.78,1.75,2.53
Thailand,THA,1969,0.84,1.94,2.78
Thailand,THA,1970,0.88,2.55,3.43
Thailand,THA,1971,1.04,2.6,3.64
Thailand,THA,1972,0.96,2.24,3.2
Thailand,THA,1973,1.36,3.51,4.87
Thailand,THA,1974,1.68,3.8,5.48
Thailand,THA,1975,2.07,4.55,6.62
Thailand,THA,1976,1.44,3.13,4.57
Thailand,THA,1977,1.59,3.83,5.42
Thailand,THA,1978,1.4,4.25,5.65
Thailand,THA,1979,1.84,5.14,6.98
Thailand,THA,1980,1.91,5.44,7.35
Thailand,THA,1981,1.77,5.5,7.27
Thailand,THA,1982,2.01,6.21,8.22
Thailand,THA,1983,1.89,5.68,7.57
Thailand,THA,1984,1.81,4.79,6.6
Thailand,THA,1985,1.51,4.31,5.82
Thailand,THA,1986,1.73,4.17,5.9
Thailand,THA,1987,1.82,5.02,6.84
Thailand,THA,1990,2.12,6.01,8.13
Thailand,THA,1991,2.27,6.53,8.8
Thailand,THA,1992,2.23,6.43,8.66
Thailand,THA,1994,2.55,7.41,9.96
Thailand,THA,1995,2.87,8.11,10.98
Thailand,THA,1996,2.72,8.14,10.86
Thailand,THA,1997,2.79,7.85,10.64
Thailand,THA,1998,3.3,9.03,12.33
Thailand,THA,1999,4.05,10.52,14.57
Thailand,THA,2000,5.19,13.18,18.37
Thailand,THA,2002,6.18,15.92,22.1
Togo,TGO,2002,0.6,2.4,3
Trinidad and Tobago,TTO,1951,2.35,2.13,4.48
Trinidad and Tobago,TTO,1952,2.22,3.2,5.42
Trinidad and Tobago,TTO,1953,0.95,2.14,3.09
Trinidad and Tobago,TTO,1954,3.32,4.79,8.11
Trinidad and Tobago,TTO,1955,1.63,5.71,7.34
Trinidad and Tobago,TTO,1956,1.59,5.95,7.54
Trinidad and Tobago,TTO,1957,1.91,5.69,7.6
Trinidad and Tobago,TTO,1958,1.65,8.39,10.04
Trinidad and Tobago,TTO,1960,4.13,9.39,13.52
Trinidad and Tobago,TTO,1961,2.15,6.27,8.42
Trinidad and Tobago,TTO,1962,4.07,14.31,18.38
Trinidad and Tobago,TTO,1963,4.46,10.17,14.63
Trinidad and Tobago,TTO,1966,4.95,12.4,17.35
Trinidad and Tobago,TTO,1967,3.51,11.98,15.49
Trinidad and Tobago,TTO,1968,3.61,6.32,9.93
Trinidad and Tobago,TTO,1970,3.53,13.42,16.95
Trinidad and Tobago,TTO,1971,2.61,14.68,17.29
Trinidad and Tobago,TTO,1972,2.53,11.27,13.8
Trinidad and Tobago,TTO,1973,4.78,9.99,14.77
Trinidad and Tobago,TTO,1974,4.99,13.56,18.55
Trinidad and Tobago,TTO,1975,5.2,15.67,20.87
Trinidad and Tobago,TTO,1976,2.26,10.76,13.02
Trinidad and Tobago,TTO,1977,3.58,11.55,15.13
Trinidad and Tobago,TTO,1978,4.82,11.44,16.26
Trinidad and Tobago,TTO,1979,1.84,11.42,13.26
Trinidad and Tobago,TTO,1980,5.21,11.76,16.97
Trinidad and Tobago,TTO,1981,3.17,9.4,12.57
Trinidad and Tobago,TTO,1982,3.34,15.42,18.76
Trinidad and Tobago,TTO,1983,2.71,15.8,18.51
Trinidad and Tobago,TTO,1984,4.22,15.39,19.61
Trinidad and Tobago,TTO,1985,3.51,14.81,18.32
Trinidad and Tobago,TTO,1986,5.25,17.97,23.22
Trinidad and Tobago,TTO,1987,3.47,19.96,23.43
Trinidad and Tobago,TTO,1988,3.67,21.64,25.31
Trinidad and Tobago,TTO,1989,3.49,15.4,18.89
Trinidad and Tobago,TTO,1990,2.52,13.26,15.78
Trinidad and Tobago,TTO,1991,5.62,13.88,19.5
Trinidad and Tobago,TTO,1992,4.47,18.1,22.57
Trinidad and Tobago,TTO,1993,4.73,15.47,20.2
Trinidad and Tobago,TTO,1994,3.66,13.52,17.18
Trinidad and Tobago,TTO,1995,4.76,13.83,18.59
Trinidad and Tobago,TTO,1996,3.4,16.99,20.39
Trinidad and Tobago,TTO,1997,4.78,14.32,19.1
Trinidad and Tobago,TTO,1998,4.45,16.96,21.41
Trinidad and Tobago,TTO,1999,3.94,16.38,20.32
Trinidad and Tobago,TTO,2000,2.91,14.96,17.87
Trinidad and Tobago,TTO,2001,4.13,16.88,21.01
Trinidad and Tobago,TTO,2002,4.27,14.89,19.16
Tunisia,TUN,2002,1.8,27.1,28.9
Turkey,TUR,2002,4.9,44.1,49
Turkmenistan,TKM,1981,5.6,,5.6
Turkmenistan,TKM,1982,5.27,,5.27
Turkmenistan,TKM,1985,5.48,,5.48
Turkmenistan,TKM,1986,4.13,,4.13
Turkmenistan,TKM,1987,4.92,,4.92
Turkmenistan,TKM,1988,5.6,,5.6
Turkmenistan,TKM,1989,3.82,,3.82
Turkmenistan,TKM,1990,3.46,,3.46
Turkmenistan,TKM,1991,3.48,,3.48
Turkmenistan,TKM,1992,4.15,,4.15
Turkmenistan,TKM,1993,4.93,,4.93
Turkmenistan,TKM,1994,3.38,,3.38
Turkmenistan,TKM,1995,3.68,,3.68
Turkmenistan,TKM,1996,4.63,,4.63
Turkmenistan,TKM,1997,3.27,,3.27
Turkmenistan,TKM,1998,3.03,,3.03
Turkmenistan,TKM,2002,4.1,18.3,22.4
Uganda,UGA,2002,2.1,3.3,5.4
Ukraine,UKR,1981,6.52,48.87,55.39
Ukraine,UKR,1982,6.52,50.2,56.72
Ukraine,UKR,1985,6.51,54.49,61
Ukraine,UKR,1986,6.79,56.44,63.23
Ukraine,UKR,1987,6.94,59.25,66.19
Ukraine,UKR,1988,7.16,61.7,68.86
Ukraine,UKR,1989,7.28,63.28,70.56
Ukraine,UKR,1990,7.35,63.5,70.85
Ukraine,UKR,1991,7.38,63.39,70.77
Ukraine,UKR,1992,6.91,63.14,70.05
Ukraine,UKR,1993,6.77,61.62,68.39
Ukraine,UKR,1994,6.49,60.08,66.57
Ukraine,UKR,1995,6.46,57.64,64.1
Ukraine,UKR,1996,5.88,53.62,59.5
Ukraine,UKR,1997,5.9,52.24,58.14
Ukraine,UKR,1998,5.84,52.11,57.95
Ukraine,UKR,1999,5.85,50.82,56.67
Ukraine,UKR,2000,5.68,50.64,56.32
Ukraine,UKR,2001,5.3,48.05,53.35
Ukraine,UKR,2002,5.02,47.16,52.18
United Arab Emirates,ARE,2002,4.8,12.7,17.5
United Kingdom,GBR,1950,6.01,38.19,44.2
United Kingdom,GBR,1951,6.1,40.98,47.08
United Kingdom,GBR,1952,6.34,43.74,50.08
United Kingdom,GBR,1953,6.43,46.9,53.33
United Kingdom,GBR,1954,6.61,50.31,56.92
United Kingdom,GBR,1955,6.73,52.46,59.19
United Kingdom,GBR,1956,7.04,55.08,62.12
United Kingdom,GBR,1957,7.15,57.38,64.53
United Kingdom,GBR,1958,7.42,58.89,66.31
United Kingdom,GBR,1959,7.71,61.96,69.67
United Kingdom,GBR,1960,8.03,63.72,71.75
United Kingdom,GBR,1961,8.49,65.01,73.5
United Kingdom,GBR,1962,8.79,66.85,75.64
United Kingdom,GBR,1963,9.18,68.11,77.29
United Kingdom,GBR,1964,9.72,69.31,79.03
United Kingdom,GBR,1965,10.3,70.84,81.14
United Kingdom,GBR,1966,10.68,71.05,81.73
United Kingdom,GBR,1967,11.28,72.82,84.1
United Kingdom,GBR,1968,11.7,72.77,84.47
United Kingdom,GBR,1969,11.94,73.96,85.9
United Kingdom,GBR,1970,12.39,73.75,86.14
United Kingdom,GBR,1971,12.99,73.38,86.37
United Kingdom,GBR,1972,13.58,74.22,87.8
United Kingdom,GBR,1973,13.88,74.24,88.12
United Kingdom,GBR,1974,14.85,74.59,89.44
United Kingdom,GBR,1975,15.01,72.74,87.75
United Kingdom,GBR,1976,15.45,73.58,89.03
United Kingdom,GBR,1977,16.08,72.42,88.5
United Kingdom,GBR,1978,16.65,72.28,88.93
United Kingdom,GBR,1979,17.25,71.91,89.16
United Kingdom,GBR,1980,17.75,70.82,88.57
United Kingdom,GBR,1981,17.95,69.04,86.99
United Kingdom,GBR,1982,18.9,67.62,86.52
United Kingdom,GBR,1983,18.75,68.24,86.99
United Kingdom,GBR,1984,19.95,66.58,86.53
United Kingdom,GBR,1985,19.85,65.9,85.75
United Kingdom,GBR,1986,20.09,63.42,83.51
United Kingdom,GBR,1987,20.51,61.71,82.22
United Kingdom,GBR,1988,21.26,60.96,82.22
United Kingdom,GBR,1989,21.09,58.56,79.65
United Kingdom,GBR,1990,20.96,57.43,78.39
United Kingdom,GBR,1991,21.1,56.33,77.43
United Kingdom,GBR,1992,21.02,54.32,75.34
United Kingdom,GBR,1993,20.87,51.72,72.59
United Kingdom,GBR,1994,20.9,49.9,70.8
United Kingdom,GBR,1995,20.65,47.76,68.41
United Kingdom,GBR,1996,20.55,45.61,66.16
United Kingdom,GBR,1997,19.87,43.38,63.25
United Kingdom,GBR,1998,20.27,42.74,63.01
United Kingdom,GBR,1999,20.11,40.62,60.73
United Kingdom,GBR,2000,19.94,39.23,59.17
United Kingdom,GBR,2001,19.53,38.15,57.68
United Kingdom,GBR,2002,19.67,37.58,57.25
United States,USA,1950,3.65,17.31,20.96
United States,USA,1951,3.67,18.47,22.14
United States,USA,1952,3.83,19.91,23.74
United States,USA,1953,3.73,21.66,25.39
United States,USA,1954,3.74,22.58,26.32
United States,USA,1955,3.89,24.08,27.97
United States,USA,1956,4.03,25.93,29.96
United States,USA,1957,4.04,27.05,31.09
United States,USA,1958,4.21,27.93,32.14
United States,USA,1959,4.29,29.32,33.61
United States,USA,1960,4.39,30.75,35.14
United States,USA,1961,4.75,32.27,37.02
United States,USA,1962,4.98,33.8,38.78
United States,USA,1963,5.35,34.92,40.27
United States,USA,1964,5.49,36.24,41.73
United States,USA,1965,5.98,37.56,43.54
United States,USA,1966,6.39,39.13,45.52
United States,USA,1967,6.85,40.53,47.38
United States,USA,1968,7.82,43.08,50.9
United States,USA,1969,8.37,43.99,52.36
United States,USA,1970,8.98,45.33,54.31
United States,USA,1971,9.76,46.44,56.2
United States,USA,1972,10.54,48.11,58.65
United States,USA,1973,10.93,48.76,59.69
United States,USA,1974,11.78,49.99,61.77
United States,USA,1975,12.53,50.68,63.21
United States,USA,1976,13.49,51.76,65.25
United States,USA,1977,14.3,52.84,67.14
United States,USA,1978,15.3,53.85,69.15
United States,USA,1979,15.95,54.24,70.19
United States,USA,1980,17.21,55.24,72.45
United States,USA,1981,17.8,55.2,73
United States,USA,1982,18.89,55.88,74.77
United States,USA,1983,19.95,55.53,75.48
United States,USA,1984,20.46,56.08,76.54
United States,USA,1985,21.45,56.03,77.48
United States,USA,1986,21.91,55.83,77.74
United States,USA,1987,22.74,56.33,79.07
United States,USA,1988,23.58,55.88,79.46
United States,USA,1989,24.47,55.58,80.05
United States,USA,1990,25.09,55.95,81.04
United States,USA,1991,25.33,55.28,80.61
United States,USA,1992,26.02,54.22,80.24
United States,USA,1993,26.26,54.07,80.33
United States,USA,1994,26.33,52.74,79.07
United States,USA,1995,26.53,51.66,78.19
United States,USA,1996,26.44,50.56,77
United States,USA,1997,26.49,49.37,75.86
United States,USA,1998,26.57,48.49,75.06
United States,USA,1999,25.77,46.54,72.31
United States,USA,2000,26.24,46.15,72.39
United States,USA,2001,25.94,45.16,71.1
United States,USA,2002,26.15,44.11,70.26
Uruguay,URY,1955,4.14,28.2,32.34
Uruguay,URY,1956,3.14,35.92,39.06
Uruguay,URY,1957,3.31,34.96,38.27
Uruguay,URY,1958,3.8,32.3,36.1
Uruguay,URY,1959,3.48,37.06,40.54
Uruguay,URY,1960,4.18,38.28,42.46
Uruguay,URY,1963,4.26,37.46,41.72
Uruguay,URY,1964,3.44,41.85,45.29
Uruguay,URY,1965,3.51,41.85,45.36
Uruguay,URY,1966,3.25,42.86,46.11
Uruguay,URY,1967,4.06,44.97,49.03
Uruguay,URY,1968,2.87,42.6,45.47
Uruguay,URY,1969,3.59,42.94,46.53
Uruguay,URY,1970,4.04,43.48,47.52
Uruguay,URY,1971,3.52,45.16,48.68
Uruguay,URY,1972,3.71,42.9,46.61
Uruguay,URY,1973,3.6,44.25,47.85
Uruguay,URY,1974,3.1,42.31,45.41
Uruguay,URY,1975,3.71,47.91,51.62
Uruguay,URY,1976,4.06,46.84,50.9
Uruguay,URY,1977,3.97,47.13,51.1
Uruguay,URY,1978,4.1,50.21,54.31
Uruguay,URY,1980,3.38,48.43,51.81
Uruguay,URY,1981,4.04,51.34,55.38
Uruguay,URY,1982,3.93,53.03,56.96
Uruguay,URY,1983,4.54,53.42,57.96
Uruguay,URY,1984,4.01,54.05,58.06
Uruguay,URY,1985,3.69,53.16,56.85
Uruguay,URY,1986,3.98,55.25,59.23
Uruguay,URY,1987,4.43,55.76,60.19
Uruguay,URY,1988,4.31,56.99,61.3
Uruguay,URY,1989,4.98,52.42,57.4
Uruguay,URY,1990,4.15,56.25,60.4
Uruguay,URY,1993,5.27,52.35,57.62
Uruguay,URY,1994,5.03,50,55.03
Uruguay,URY,1995,5.29,56.52,61.81
Uruguay,URY,1996,4.98,49.31,54.29
Uruguay,URY,1997,6.27,50.75,57.02
Uruguay,URY,1998,5.85,49.57,55.42
Uruguay,URY,1999,5.19,46.71,51.9
Uruguay,URY,2000,5.6,48.15,53.75
Uruguay,URY,2001,6.01,47.91,53.92
Uruguay,URY,2002,6.18,46.16,52.34
Uzbekistan,UZB,1981,4.68,18.03,22.71
Uzbekistan,UZB,1982,4.97,20.07,25.04
Uzbekistan,UZB,1985,4.89,19.72,24.61
Uzbekistan,UZB,1986,5.08,22.85,27.93
Uzbekistan,UZB,1987,6.03,24.59,30.62
Uzbekistan,UZB,1988,5.52,21.21,26.73
Uzbekistan,UZB,1989,4.84,22.29,27.13
Uzbekistan,UZB,1990,5.39,20.3,25.69
Uzbekistan,UZB,1991,4.77,19.85,24.62
Uzbekistan,UZB,1992,4.86,18.79,23.65
Uzbekistan,UZB,1993,4.78,17.3,22.08
Uzbekistan,UZB,1994,4.12,14.82,18.94
Uzbekistan,UZB,1995,3.9,15.45,19.35
Uzbekistan,UZB,1996,3.66,13.83,17.49
Uzbekistan,UZB,1997,3.65,13.75,17.4
Uzbekistan,UZB,1998,3.83,12.56,16.39
Uzbekistan,UZB,1999,3.26,11.49,14.75
Uzbekistan,UZB,2000,3.26,10.93,14.19
Uzbekistan,UZB,2002,3.12,10.98,14.1
Vanuatu,VUT,2002,5.8,12.7,18.5
Venezuela,VEN,1955,4.02,9.09,13.11
Venezuela,VEN,1956,5.05,9.97,15.02
Venezuela,VEN,1957,5.57,8.52,14.09
Venezuela,VEN,1958,5.38,10.04,15.42
Venezuela,VEN,1959,5.41,9.81,15.22
Venezuela,VEN,1960,5.41,9.04,14.45
Venezuela,VEN,1961,5.78,9.92,15.7
Venezuela,VEN,1962,4.89,11.28,16.17
Venezuela,VEN,1963,5.67,10.49,16.16
Venezuela,VEN,1964,5.83,12.22,18.05
Venezuela,VEN,1965,7.1,13.18,20.28
Venezuela,VEN,1966,6.44,13.65,20.09
Venezuela,VEN,1967,5.4,11.81,17.21
Venezuela,VEN,1968,6.92,12.32,19.24
Venezuela,VEN,1969,6.03,12.01,18.04
Venezuela,VEN,1970,5.99,14.13,20.12
Venezuela,VEN,1971,5.97,14.27,20.24
Venezuela,VEN,1972,6.47,14.9,21.37
Venezuela,VEN,1973,6.58,11.98,18.56
Venezuela,VEN,1974,6.6,14.38,20.98
Venezuela,VEN,1975,6.54,15.47,22.01
Venezuela,VEN,1976,7.51,14.45,21.96
Venezuela,VEN,1977,6.46,16.05,22.51
Venezuela,VEN,1978,5.79,14.36,20.15
Venezuela,VEN,1979,6.54,15.23,21.77
Venezuela,VEN,1980,6.96,14.88,21.84
Venezuela,VEN,1981,6.99,15.29,22.28
Venezuela,VEN,1982,6.7,15.4,22.1
Venezuela,VEN,1983,7.29,16.92,24.21
Venezuela,VEN,1985,7.04,15.53,22.57
Venezuela,VEN,1986,6.41,15.12,21.53
Venezuela,VEN,1987,7.52,17.13,24.65
Venezuela,VEN,1988,7.79,17.09,24.88
Venezuela,VEN,1989,7.83,15.82,23.65
Venezuela,VEN,1990,9.02,18.76,27.78
Venezuela,VEN,1992,8.63,18.79,27.42
Venezuela,VEN,1993,8.41,17.67,26.08
Venezuela,VEN,1994,9.18,18.85,28.03
Venezuela,VEN,1996,8.41,17.26,25.67
Venezuela,VEN,1997,8.81,18.1,26.91
Venezuela,VEN,1998,8.53,17.44,25.97
Venezuela,VEN,1999,8.95,17.45,26.4
Venezuela,VEN,2000,8.94,16.41,25.35
Venezuela,VEN,2001,9.25,17.18,26.43
Venezuela,VEN,2002,9.26,16.86,26.12
Vietnam,VNM,2002,6.7,27.4,34.1
Yemen,YEM,2002,3.4,3.8,7.2
Zambia,ZMB,2002,0.9,6.3,7.2
Zimbabwe,ZWE,2002,5.8,12.1,17.9
